"AppID","ID","Name","Type 1","Type 2","ABILITY_FLAG","IS_ALTERNATE_FORME","IS_MEGA_EVOLUTION","IS_REGIONAL_VARIANT"
"1","1","Bulbasaur","Grass","Poison","0","0","0","0"
"2","2","Ivysaur","Grass","Poison","0","0","0","0"
"3","3","Vensaur","Grass","Poison","0","0","0","0"
"4","3","Venusaur-Mega","Grass","Poison","1","0","1","0"
"5","4","Charmander","Fire","---","0","0","0","0"
"6","5","Charmeleon","Fire","---","0","0","0","0"
"7","6","Charizard","Fire","Flying","0","0","0","0"
"8","6","Charizard-Mega-X","Fire","Dragon","0","0","1","0"
"9","6","Charizard-Mega-Y","Fire","Flying","0","0","1","0"
"10","7","Squirtle","Water","---","0","0","0","0"
"11","8","Wartortle","Water","---","0","0","0","0"
"12","9","Blastoise","Water","---","0","0","0","0"
"13","9","Blastoise-Mega","Water","---","0","0","1","0"
"14","10","Caterpie","Bug","---","0","0","0","0"
"15","11","Metapod","Bug","---","0","0","0","0"
"16","12","Butterfree","Bug","Flying","0","0","0","0"
"17","13","Weedle","Bug","Poison","0","0","0","0"
"18","14","Kakuna","Bug","Poison","0","0","0","0"
"19","15","Beedrill","Bug","Poison","0","0","0","0"
"20","15","Beedrill-Mega","Bug","Poison","0","0","1","0"
"21","16","Pidgey","Normal","Flying","0","0","0","0"
"22","17","Pidgeotto","Normal","Flying","0","0","0","0"
"23","18","Pidgeot","Normal","Flying","0","0","0","0"
"24","18","Pidgeot-Mega","Normal","Flying","0","0","1","0"
"25","19","Rattata","Normal","---","0","0","0","0"
"26","19","Rattata-Alola","Normal","Dark","1","0","0","1"
"27","20","Raticate","Normal","---","0","0","0","0"
"28","20","Ratcate-Alola","Normal","Dark","1","0","0","1"
"29","21","Spearow","Normal","Flying","0","0","0","0"
"30","22","Fearow","Normal","Flying","0","0","0","0"
"31","23","Ekans","Poison","---","0","0","0","0"
"32","24","Arbok","Poison","---","0","0","0","0"
"33","25","Pikachu","Electric","---","1","0","0","0"
"34","26","Raichu","Electric","---","1","0","0","0"
"35","26","Raichu-Alola","Electric","Psychic","0","0","0","1"
"36","27","Sandshrew","Ground","---","0","0","0","0"
"37","27","Sandshrew-Alola","Ice","Steel","0","0","0","1"
"38","28","Sandslash","Ground","---","0","0","0","0"
"39","28","Sandslash-Alola","Ice","Steel","0","0","0","1"
"40","29","Nidoran-F","Poison","---","0","0","0","0"
"41","30","Nidorina","Poison","---","0","0","0","0"
"42","31","Nidoqueen","Poison","Ground","0","0","0","0"
"43","32","Nidoran-M","Poison","---","0","0","0","0"
"44","33","Nidorino","Poison","---","0","0","0","0"
"45","34","Nidoking","Poison","Ground","0","0","0","0"
"46","35","Clefairy","Fairy","---","0","0","0","0"
"47","36","Clefable","Fairy","---","0","0","0","0"
"48","37","Vulpix","Fire","---","1","0","0","0"
"49","37","Vulpix-Alola","Ice","---","0","0","0","1"
"50","38","Ninetails","Fire","---","1","0","0","0"
"51","38","Ninetails-Alola","Ice","Fairy","0","0","0","1"
"52","39","Jigglypuff","Normal","Fairy","0","0","0","0"
"53","40","Wigglytuff","Normal","Fairy","0","0","0","0"
"54","41","Zubat","Poison","Flying","0","0","0","0"
"55","42","Golbat","Poison","Flying","0","0","0","0"
"56","43","Oddish","Grass","Poison","0","0","0","0"
"57","44","Gloom","Grass","Poison","0","0","0","0"
"58","45","Vileplume","Grass","Poison","0","0","0","0"
"59","46","Paras","Bug","Grass","1","0","0","0"
"60","47","Parasect","Bug","Grass","1","0","0","0"
"61","48","Venonat","Bug","Poison","0","0","0","0"
"62","49","Venomoth","Bug","Poison","0","0","0","0"
"63","50","Diglett","Ground","---","0","0","0","0"
"64","50","Diglett-Alola","Ground","Steel","0","0","0","1"
"65","51","Dugtrio","Ground","---","0","0","0","0"
"66","51","Dugtrio-Alola","Ground","Steel","0","0","0","1"
"67","52","Meowth","Normal","---","0","0","0","0"
"68","52","Meowth-Alola","Dark","---","0","0","0","1"
"69","53","Persian","Normal","---","0","0","0","0"
"70","53","Persian-Alola","Dark","---","0","0","0","1"
"71","54","Psyduck","Water","---","0","0","0","0"
"72","55","Golduck","Water","---","0","0","0","0"
"73","56","Mankey","Fighting","---","0","0","0","0"
"74","57","Primeape","Fighting","---","0","0","0","0"
"75","58","Growlithe","Fire","---","1","0","0","0"
"76","59","Arcanine","Fire","---","1","0","0","0"
"77","60","Poliwag","Water","---","1","0","0","0"
"78","61","Poliwhirl","Water","---","1","0","0","0"
"79","62","Poliwrath","Water","---","1","0","0","0"
"80","63","Abra","Psychic","---","0","0","0","0"
"81","64","Kadabra","Psychic","---","0","0","0","0"
"82","65","Alakazam","Pyschic","---","0","0","0","0"
"83","65","Alakazam-Mega","Psychic","---","0","0","1","0"
"84","66","Machop","Fighting","---","0","0","0","0"
"85","67","Machoke","Fighting","---","0","0","0","0"
"86","68","Machamp","Fighting","---","0","0","0","0"
"87","69","Bellsprout","Grass","Poison","0","0","0","0"
"88","70","Weepinbell","Grass","Poison","0","0","0","0"
"89","71","Victreebel","Grass","Poison","0","0","0","0"
"90","72","Tentacool","Water","Poison","0","0","0","0"
"91","73","Tentacruel","Water","Poison","0","0","0","0"
"92","74","Geodude","Rock","Ground","0","0","0","0"
"93","74","Geodude-Alola","Rock","Electric","0","0","0","1"
"94","75","Graveler","Rock","Ground","0","0","0","0"
"95","75","Graveler-Alola","Rock","Electric","0","0","0","1"
"96","76","Golem","Rock","Ground","0","0","0","0"
"97","76","Golem-Alola","Rock","Electric","0","0","0","1"
"98","77","Ponyta","Fire","---","1","0","0","0"
"99","78","Rapidash","Fire","---","1","0","0","0"
"100","79","Slowpoke","Water","Psychic","0","0","0","0"
"101","80","Slowbro","Water","Psychic","0","0","0","0"
"102","80","Slowbro-Mega","Water","Psychic","0","0","1","0"
"103","81","Magnemite","Electric","Steel","0","0","0","0"
"104","82","Magneton","Electric","Steel","0","0","0","0"
"105","83","Farfetch'd","Normal","Flying","0","0","0","0"
"106","84","Doduo","Normal","Flying","0","0","0","0"
"107","85","Dodrio","Normal","Flying","0","0","0","0"
"108","86","Seel","Water","---","1","0","0","0"
"109","87","Dewgong","Water","Ice","1","0","0","0"
"110","88","Grimer","Poison","---","0","0","0","0"
"111","88","Grimer-Alola","Poison","Dark","0","0","0","1"
"112","89","Muk","Poison","---","0","0","0","0"
"113","89","Muk-Alola","Poison","Dark","0","0","0","1"
"114","90","Shellder","Water","---","0","0","0","0"
"115","91","Cloyster","Water","Ice","0","0","0","0"
"116","92","Gastly","Ghost","Poison","1","0","0","0"
"117","93","Haunter","Ghost","Poison","1","0","0","0"
"118","94","Gengar","Ghost","Poison","0","0","0","0"
"119","94","Gengar-Mega","Ghost","Poison","0","0","1","0"
"120","95","Onix","Rock","Ground","0","0","0","0"
"121","96","Drowzee","Psychic","---","0","0","0","0"
"122","97","Hypno","Psychic","---","0","0","0","0"
"123","98","Krabby","Water","---","0","0","0","0"
"124","99","Kingler","Water","---","0","0","0","0"
"125","100","Voltorb","Electric","---","0","0","0","0"
"126","101","Electrode","Electric","---","0","0","0","0"
"127","102","Exeggcute","Grass","Psychic","0","0","0","0"
"128","103","Exeggutor","Grass","Psychic","0","0","0","0"
"129","103","Exeggutor-Alola","Grass","Dragon","0","0","0","1"
"130","104","Cubone","Ground","---","1","0","0","0"
"131","105","Marowak","Ground","---","1","0","0","0"
"132","105","Marowak-Alola","Ghost","Fire","1","0","0","1"
"133","106","Hitmonlee","Fighting","---","0","0","0","0"
"134","107","Hitmonchan","Fighting","---","0","0","0","0"
"135","108","Lickitung","Normal","---","0","0","0","0"
"136","109","Koffing","Poison","---","1","0","0","0"
"137","110","Weezing","Poison","---","1","0","0","0"
"138","111","Rhyhorn","Rock","Ground","1","0","0","0"
"139","112","Rhydon","Rock","Ground","1","0","0","0"
"140","113","Chansey","Normal","---","0","0","0","0"
"141","114","Tangela","Grass","---","0","0","0","0"
"142","115","Kangaskhan","Normal","---","0","0","0","0"
"143","115","Kangaskhan-Mega","Normal","---","0","0","1","0"
"144","116","Horsea","Water","---","0","0","0","0"
"145","117","Seadra","Water","---","0","0","0","0"
"146","118","Goldeen","Water","---","1","0","0","0"
"147","119","Seaking","Water","---","1","0","0","0"
"148","120","Staryu","Water","---","0","0","0","0"
"149","121","Starmie","Water","Psychic","0","0","0","0"
"150","122","Mr.Mime","Psychic","Fairy","0","0","0","0"
"151","123","Scyther","Bug","Flying","0","0","0","0"
"152","124","Jynx","Ice","Psychic","1","0","0","0"
"153","125","Electabuzz","Electric","---","0","0","0","0"
"154","126","Magmar","Fire","---","0","0","0","0"
"155","127","Pinsir","Bug","---","0","0","0","0"
"156","127","Pinsir-Mega","Bug","Flying","0","0","1","0"
"157","128","Tauros","Normal","---","0","0","0","0"
"158","129","Magikarp","Water","---","0","0","0","0"
"159","130","Gyarados","Water","Flying","0","0","0","0"
"160","130","Gyarados-Mega","Water","Dark","0","0","1","0"
"161","131","Lapras","Water","Ice","1","0","0","0"
"162","132","Ditto","Normal","---","0","0","0","0"
"163","133","Eevee","Normal","---","0","0","0","0"
"164","134","Vaporeon","Water","---","1","0","0","0"
"165","135","Jolteon","Electric","---","1","0","0","0"
"166","136","Flareon","Fire","---","1","0","0","0"
"167","137","Porygon","Normal","---","0","0","0","0"
"168","138","Omanyte","Rock","Water","0","0","0","0"
"169","139","Omastar","Rock","Water","0","0","0","0"
"170","140","Kabuto","Rock","Water","0","0","0","0"
"171","141","Kabutops","Rock","Water","0","0","0","0"
"172","142","Aerodactyl","Rock","Flying","0","0","0","0"
"173","142","Aerodactyl-Mega","Rock","Flying","0","0","1","0"
"174","143","Snorlax","Normal","---","1","0","0","0"
"175","144","Articuno","Ice","Flying","0","0","0","0"
"176","145","Zapdos","Electric","Flying","0","0","0","0"
"177","146","Moltres","Fire","Flying","0","0","0","0"
"178","147","Dratini","Dragon","---","0","0","0","0"
"179","148","Dragonair","Dragon","---","0","0","0","0"
"180","149","Dragonite","Dragon","Flying","0","0","0","0"
"181","150","Mewtwo","Psychic","---","0","0","0","0"
"182","150","Mewtwo-Mega-X","Psychic","Fighting","0","0","1","0"
"183","150","Mewtwo-Mega-Y","Psychic","---","0","0","1","0"
"184","151","Mew","Psychic","---","0","0","0","0"
"185","152","Chikorita","Grass","---","0","0","0","0"
"186","153","Bayleef","Grass","---","0","0","0","0"
"187","154","Meganium","Grass","---","0","0","0","0"
"188","155","Cyndaquil","Fire","---","1","0","0","0"
"189","156","Quilava","Fire","---","1","0","0","0"
"190","157","Typhlosion","Fire","---","1","0","0","0"
"191","158","Totodile","Water","---","0","0","0","0"
"192","159","Croconaw","Water","---","0","0","0","0"
"193","160","Feraligatr","Water","---","0","0","0","0"
"194","161","Sentret","Normal","---","0","0","0","0"
"195","162","Furret","Normal","---","0","0","0","0"
"196","163","Hoothoot","Normal","Flying","0","0","0","0"
"197","164","Noctowl","Normal","Flying","0","0","0","0"
"198","165","Ledyba","Bug","Flying","0","0","0","0"
"199","166","Ledian","Bug","Flying","0","0","0","0"
"200","167","Spinarak","Bug","Poison","0","0","0","0"
"201","168","Ariados","Bug","Poison","0","0","0","0"
"202","169","Crobat","Poison","Flying","0","0","0","0"
"203","170","Chinchou","Water","Electric","1","0","0","0"
"204","171","Lanturn","Water","Electric","1","0","0","0"
"205","172","Pichu","Electric","---","1","0","0","0"
"206","173","Cleffa","Fairy","---","0","0","0","0"
"207","174","Igglybuff","Normal","Fairy","0","0","0","0"
"208","175","Togepi","Fairy","---","0","0","0","0"
"209","176","Togetic","Fairy","Flying","0","0","0","0"
"210","177","Natu","Psychic","Flying","0","0","0","0"
"211","178","Xatu","Psychic","Flying","0","0","0","0"
"212","179","Mareep","Electric","---","0","0","0","0"
"213","180","Flaafy","Electric","---","0","0","0","0"
"214","181","Ampharos","Electric","---","0","0","0","0"
"215","181","Ampharos-Mega","Electric","Dragon","0","0","1","0"
"216","182","Bellossom","Grass","---","0","0","0","0"
"217","183","Marill","Water","Fairy","1","0","0","0"
"218","184","Azumarill","Water","Fairy","1","0","0","0"
"219","185","Sudowoodo","Rock","---","0","0","0","0"
"220","186","Politoed","Water","---","1","0","0","0"
"221","187","Hoppip","Grass","Flying","0","0","0","0"
"222","188","Skiploom","Grass","Flying","0","0","0","0"
"223","189","Jumpluff","Grass","Flying","0","0","0","0"
"224","190","Aipom","Normal","---","0","0","0","0"
"225","191","Sunkern","Grass","---","0","0","0","0"
"226","192","Sunflora","Grass","---","0","0","0","0"
"227","193","Yanma","Bug","Flying","0","0","0","0"
"228","194","Wooper","Water","Ground","1","0","0","0"
"229","195","Quagsire","Water","Ground","1","0","0","0"
"230","196","Espeon","Psychic","---","0","0","0","0"
"231","197","Umbreon","Dark","---","0","0","0","0"
"232","198","Murkrow","Dark","Flying","0","0","0","0"
"233","199","Slowking","Water","Psychic","0","0","0","0"
"234","200","Misdreavous","Ghost","---","1","0","0","0"
"235","201","Unown","Psychic","---","1","0","0","0"
"236","202","Wobbuffet","Psychic","---","0","0","0","0"
"237","203","Girafarig","Normal","Psychic","1","0","0","0"
"238","204","Pineco","Bug","---","0","0","0","0"
"239","205","Forretress","Bug","Steel","0","0","0","0"
"240","206","Dunsparce","Normal","---","0","0","0","0"
"241","207","Gligar","Ground","Flying","0","0","0","0"
"242","208","Steelix","Steel","Ground","0","0","0","0"
"243","208","Steelix-Mega","Steel","Ground","0","0","1","0"
"244","209","Snubbull","Fairy","---","0","0","0","0"
"245","210","Granbull","Fairy","---","0","0","0","0"
"246","211","Qwilfish","Water","Poison","0","0","0","0"
"247","212","Scizor","Bug","Steel","0","0","0","0"
"248","212","Scizor-Mega","Bug","Steel","0","0","1","0"
"249","213","Shuckle","Bug","Rock","0","0","0","0"
"250","214","Heracross","Bug","Fighting","0","0","0","0"
"251","214","Heracross-Mega","Bug","Fighting","0","0","1","0"
"252","215","Sneasel","Ice","Dark","0","0","0","0"
"253","216","Teddiursa","Normal","---","0","0","0","0"
"254","217","Ursaring","Normal","---","0","0","0","0"
"255","218","Slugma","Fire","Rock","0","0","0","0"
"256","219","Magcargo","Fire","Rock","0","0","0","0"
"257","220","Swinub","Ice","Ground","1","0","0","0"
"258","221","Piloswine","Ice","Ground","1","0","0","0"
"259","222","Corsola","Rock","Water","0","0","0","0"
"260","223","Remoraid","Water","---","0","0","0","0"
"261","224","Octillery","Water","---","0","0","0","0"
"262","225","Delibird","Ice","Flying","0","0","0","0"
"263","226","Mantine","Water","Flying","1","0","0","0"
"264","227","Skarmory","Steel","Flying","0","0","0","0"
"265","228","Houndour","Dark","Fire","1","0","0","0"
"266","229","Houndoom","Dark","Fire","1","0","0","0"
"267","229","Houndoom-Mega","Dark","Fire","0","0","1","0"
"268","230","Kingdra","Water","Dragon","0","0","0","0"
"269","231","Phanpy","Ground","---","0","0","0","0"
"270","232","Donphan","Ground","---","0","0","0","0"
"271","233","Porygon2","Normal","---","0","0","0","0"
"272","234","Stantler","Normal","---","1","0","0","0"
"273","235","Smeargle","Normal","---","0","0","0","0"
"274","236","Tyrogue","Fighting","---","0","0","0","0"
"275","237","Hitmontop","Fighting","---","0","0","0","0"
"276","238","Smoochum","Ice","Psychic","0","0","0","0"
"277","239","Elekid","Electric","---","0","0","0","0"
"278","240","Magby","Fire","---","0","0","0","0"
"279","241","Miltank","Normal","---","1","0","0","0"
"280","242","Blissey","Normal","---","0","0","0","0"
"281","243","Raikou","Electric","---","0","0","0","0"
"282","244","Entei","Fire","---","0","0","0","0"
"283","245","Suicune","Water","---","0","0","0","0"
"284","246","Larvitar","Rock","Ground","0","0","0","0"
"285","247","Pupitar","Rock","Ground","0","0","0","0"
"286","248","Tyranitar","Rock","Dark","0","0","0","0"
"287","248","Tyranitar-Mega","Rock","Dark","0","0","1","0"
"288","249","Lugia","Psychic","Flying","0","0","0","0"
"289","250","Ho-Oh","Fire","Flying","0","0","0","0"
"290","251","Celebi","Grass","Psychic","0","0","0","0"
"291","252","Treecko","Grass","---","0","0","0","0"
"292","253","Grovyle","Grass","---","0","0","0","0"
"293","254","Sceptile","Grass","---","0","0","0","0"
"294","254","Sceptile-Mega","Grass","Dragon","1","0","1","0"
"295","255","Torchic","Fire","---","0","0","0","0"
"296","256","Combusken","Fire","Fighting","0","0","0","0"
"297","257","Blaziken","Fire","Fighting","0","0","0","0"
"298","257","Blaziken-Mega","Fire","Fighting","0","0","1","0"
"299","258","Mudkip","Water","---","0","0","0","0"
"300","259","Marshtomp","Water","Ground","0","0","0","0"
"301","260","Swampert","Water","Ground","0","0","0","0"
"302","260","Swampert-Mega","Water","Ground","0","0","1","0"
"303","261","Poochyena","Dark","---","0","0","0","0"
"304","262","Mightyena","Dark","---","0","0","0","0"
"305","263","Zigzagoon","Normal","---","0","0","0","0"
"306","264","Linoone","Normal","---","0","0","0","0"
"307","265","Wurmple","Bug","---","0","0","0","0"
"308","266","Silcoon","Bug","---","0","0","0","0"
"309","267","Beautifly","Bug","Flying","0","0","0","0"
"310","268","Cascoon","Bug","---","0","0","0","0"
"311","269","Dustox","Bug","Poison","0","0","0","0"
"312","270","Lotad","Grass","Water","0","0","0","0"
"313","271","Lombre","Grass","Water","0","0","0","0"
"314","272","Ludicolo","Grass","Water","0","0","0","0"
"315","273","Seedot","Grass","---","0","0","0","0"
"316","274","Nuzleaf","Grass","Dark","0","0","0","0"
"317","275","Shiftry","Grass","Dark","0","0","0","0"
"318","276","Taillow","Normal","Flying","0","0","0","0"
"319","277","Swellow","Normal","Flying","0","0","0","0"
"320","278","Wingull","Water","Flying","0","0","0","0"
"321","279","Pelliper","Water","Flying","0","0","0","0"
"322","280","Ralts","Psychic","Fairy","0","0","0","0"
"323","281","Kirlia","Psychic","Fairy","0","0","0","0"
"324","282","Gardevoir","Psychic","Fairy","0","0","0","0"
"325","282","Gardevoir-Mega","Psychic","Fairy","0","0","1","0"
"326","283","Surskit","Bug","Water","0","0","0","0"
"327","284","Masquerain","Bug","Flying","0","0","0","0"
"328","285","Shroomish","Grass","---","0","0","0","0"
"329","286","Breloom","Grass","Fighting","0","0","0","0"
"330","287","Slakoth","Normal","---","0","0","0","0"
"331","288","Vigoroth","Normal","---","0","0","0","0"
"332","289","Slaking","Normal","---","0","0","0","0"
"333","290","Nincada","Bug","Ground","0","0","0","0"
"334","291","Ninjask","Bug","Flying","0","0","0","0"
"335","292","Shedinja","Bug","Ghost","0","0","0","0"
"336","293","Whismur","Normal","---","0","0","0","0"
"337","294","Loudred","Normal","---","0","0","0","0"
"338","295","Exploud","Normal","---","0","0","0","0"
"339","296","Makuhita","Fighting","---","1","0","0","0"
"340","297","Hariyama","Fighting","---","1","0","0","0"
"341","298","Azurill","Normal","Fairy","1","0","0","0"
"342","299","Nosepass","Rock","---","0","0","0","0"
"343","300","Skitty","Normal","---","0","0","0","0"
"344","301","Delcatty","Normal","---","0","0","0","0"
"345","302","Sableye","Ghost","Dark","0","0","0","0"
"346","302","Sableye-Mega","Ghost","Dark","0","0","1","0"
"347","303","Mawile","Steel","Fairy","0","0","0","0"
"348","303","Mawile-Mega","Steel","Fairy","0","0","1","0"
"349","304","Aron","Rock","Steel","0","0","0","0"
"350","305","Lairon","Rock","Steel","0","0","0","0"
"351","306","Aggron","Rock","Steel","0","0","0","0"
"352","306","Aggron-Mega","Steel","---","0","0","1","0"
"353","307","Meditite","Psychic","Fighting","0","0","0","0"
"354","308","Medicham","Psychic","Fighting","0","0","0","0"
"355","308","Medicham-Mega","Psychic","Fighting","0","0","1","0"
"356","309","Electrike","Electric","---","1","0","0","0"
"357","310","Manectric","Electric","---","1","0","0","0"
"358","310","Manectric-Mega","Electric","---","1","0","1","0"
"359","311","Plusle","Electric","---","1","0","0","0"
"360","312","Minun","Electric","---","1","0","0","0"
"361","313","Volbeat","Bug","---","0","0","0","0"
"362","314","Illumise","Bug","---","0","0","0","0"
"363","315","Roselia","Grass","Poison","0","0","0","0"
"364","316","Gulpin","Poison","---","0","0","0","0"
"365","317","Swalot","Poison","---","0","0","0","0"
"366","318","Carvanha","Water","Dark","0","0","0","0"
"367","319","Sharpedo","Water","Dark","0","0","0","0"
"368","319","Sharpedo-Mega","Water","Dark","0","0","1","0"
"369","320","Wailmer","Water","---","0","0","0","0"
"370","321","Wailord","Water","---","0","0","0","0"
"371","322","Numel","Fire","Ground","0","0","0","0"
"372","323","Camerupt","Fire","Ground","0","0","0","0"
"373","323","Camerupt-Mega","Fire","Ground","0","0","1","0"
"374","324","Torkoal","Fire","---","0","0","0","0"
"375","325","Spoik","Psychic","---","1","0","0","0"
"376","326","Grumpig","Psychic","---","1","0","0","0"
"377","327","Spinda","Normal","---","0","0","0","0"
"378","328","Trapinch","Ground","---","0","0","0","0"
"379","329","Vibrava","Ground","Dragon","1","0","0","0"
"380","330","Flygon","Ground","Dragon","1","0","0","0"
"381","331","Cacnea","Grass","---","1","0","0","0"
"382","332","Cacturne","Grass","Dark","1","0","0","0"
"383","333","Swablu","Normal","Flying","0","0","0","0"
"384","334","Altaria","Dragon","Flying","0","0","0","0"
"385","334","Altaria-Mega","Dragon","Fairy","0","0","1","0"
"386","335","Zangoose","Normal","---","0","0","0","0"
"387","336","Seviper","Poison","---","0","0","0","0"
"388","337","Lunatone","Rock","Psychic","1","0","0","0"
"389","338","Solrock","Rock","Psychic","1","0","0","0"
"390","339","Barboach","Water","Ground","0","0","0","0"
"391","340","Whiscash","Water","Ground","0","0","0","0"
"392","341","Corphish","Water","---","0","0","0","0"
"393","342","Crawdaunt","Water","Dark","0","0","0","0"
"394","343","Baltoy","Ground","Psychic","1","0","0","0"
"395","344","Claydol","Ground","Psychic","1","0","0","0"
"396","345","Lileep","Rock","Grass","1","0","0","0"
"397","346","Cradily","Rock","Grass","1","0","0","0"
"398","347","Anorith","Rock","Bug","0","0","0","0"
"399","348","Armaldo","Rock","Bug","0","0","0","0"
"400","349","Feebas","Water","---","0","0","0","0"
"401","350","Milotic","Water","---","0","0","0","0"
"402","351","Castform","Normal","---","0","0","0","0"
"403","351","Castform-Sun","Fire","---","0","0","0","0"
"404","351","Castform-Rain","Water","---","0","0","0","0"
"405","351","Castform-Hail","Ice","---","0","0","0","0"
"406","352","Keckleon","Normal","---","0","0","0","0"
"407","353","Shuppet","Ghost","---","0","0","0","0"
"408","354","Banette","Ghost","---","0","0","0","0"
"409","354","Banette-Mega","Ghost","---","0","0","1","0"
"410","355","Duskull","Ghost","---","1","0","0","0"
"411","356","Dusclops","Ghost","---","0","0","0","0"
"412","357","Tropius","Grass","Flying","0","0","0","0"
"413","358","Chimecho","Psychic","---","1","0","0","0"
"414","359","Absol","Dark","---","0","0","0","0"
"415","359","Absol-Mega","Dark","---","0","0","1","0"
"416","360","Wynaut","Psychic","---","0","0","0","0"
"417","361","Snorunt","Ice","---","0","0","0","0"
"418","362","Glalie","Ice","---","0","0","0","0"
"419","362","Glalie-Mega","Ice","---","0","0","1","0"
"420","363","Spheal","Ice","Water","1","0","0","0"
"421","364","Sealeo","Ice","Water","1","0","0","0"
"422","365","Walrein","Ice","Water","1","0","0","0"
"423","366","Clamperl","Water","---","0","0","0","0"
"424","367","Huntail","Water","---","0","0","0","0"
"425","368","Gorebyss","Water","---","0","0","0","0"
"426","369","Relicanth","Water","Rock","0","0","0","0"
"427","370","Luvdisc","Water","---","0","0","0","0"
"428","371","Bagon","Dragon","---","0","0","0","0"
"429","372","Shelgon","Dragon","---","0","0","0","0"
"430","373","Salamence","Dragon","Flying","0","0","0","0"
"431","373","Salamence-Mega","Dragon","Flying","0","0","1","0"
"432","374","Beldum","Steel","Psychic","0","0","0","0"
"433","375","Metang","Steel","Psychic","0","0","0","0"
"434","376","Metagross","Steel","Psychic","0","0","0","0"
"435","376","Metagross-Mega","Steel","Psychic","0","0","1","0"
"436","377","Regirock","Rock","---","0","0","0","0"
"437","378","Regice","Ice","---","0","0","0","0"
"438","379","Registeel","Steel","---","0","0","0","0"
"439","380","Latias","Dragon","Psychic","1","0","0","0"
"440","380","Latias-Mega","Dragon","Psychic","1","0","1","0"
"441","381","Latios","Dragon","Psychic","1","0","0","0"
"442","381","Latios-Mega","Dragon","Psychic","1","0","1","0"
"443","382","Kyogre","Water","---","0","0","0","0"
"444","382","Kyogre-Primal","Water","---","1","1","0","0"
"445","383","Groudon","Ground","---","0","0","0","0"
"446","383","Groudon-Primal","Ground","Fire","1","1","0","0"
"447","384","Rayquaza","Dragon","Flying","0","0","0","0"
"448","384","Rayquaza-Mega","Dragon","Flying","1","0","2","0"
"449","385","Jirachi","Steel","Psychic","0","0","0","0"
"450","386","Deoxys","Psychic","---","0","0","0","0"
"451","386","Deoxys-Attack","Psychic","---","0","1","0","0"
"452","386","Deoxys-Defense","Psychic","---","0","1","0","0"
"453","386","Deoxys-Speed","Psychic","---","0","1","0","0"
"454","387","Turtwig","Grass","---","0","0","0","0"
"455","388","Grotle","Grass","---","0","0","0","0"
"456","389","Torterra","Grass","Ground","0","0","0","0"
"457","390","Chimchar","Fire","---","0","0","0","0"
"458","391","Monferno","Fire","Fighting","0","0","0","0"
"459","392","Infernape","Fire","Fighting","0","0","0","0"
"460","393","Piplup","Water","---","0","0","0","0"
"461","394","Prinplup","Water","---","0","0","0","0"
"462","395","Empoleon","Water","Steel","0","0","0","0"
"463","396","Starly","Normal","Flying","0","0","0","0"
"464","397","Staravia","Normal","Flying","0","0","0","0"
"465","398","Staraptor","Normal","Flying","0","0","0","0"
"466","399","Bidoof","Normal","---","0","0","0","0"
"467","400","Bibarel","Normal","Water","0","0","0","0"
"468","401","Kricketot","Bug","---","0","0","0","0"
"469","402","Kricketune","Bug","---","0","0","0","0"
"470","403","Shinx","Electric","---","0","0","0","0"
"471","404","Luxio","Electric","---","0","0","0","0"
"472","405","Luxray","Electric","---","0","0","0","0"
"473","406","Budew","Grass","Poison","0","0","0","0"
"474","407","Roserade","Grass","Poison","0","0","0","0"
"475","408","Cranidos","Rock","---","0","0","0","0"
"476","409","Rampardos","Rock","---","0","0","0","0"
"477","410","Shieldon","Rock","Steel","0","0","0","0"
"478","411","Bastiodon","Rock","Steel","0","0","0","0"
"479","412","Burmy-Grass","Bug","---","0","0","0","0"
"480","412","Burmy-Sand","Bug","---","0","1","0","0"
"481","412","Burmy-Trash","Bug","---","0","1","0","0"
"482","413","Wormadam-Grass","Bug","Grass","0","0","0","0"
"483","413","Wormadam-Sand","Bug","Ground","0","1","0","0"
"484","413","Wormadam-Trash","Bug","Steel","0","1","0","0"
"485","414","Mothim","Bug","Flying","0","0","0","0"
"486","415","Combee","Bug","Flying","0","0","0","0"
"487","416","Vespiquen","Bug","Flying","0","0","0","0"
"488","417","Pachirisu","Electric","---","1","0","0","0"
"489","418","Buizel","Water","---","0","0","0","0"
"490","419","Floatzel","Water","---","0","0","0","0"
"491","420","Cherubi","Grass","---","0","0","0","0"
"492","421","Cherrim-Overcast","Grass","---","0","0","0","0"
"493","421","Cherrim-Sunshine","Grass","---","0","1","0","0"
"494","422","Shellos-East","Water","---","1","0","0","0"
"495","422","Shellos-West","Water","---","1","1","0","0"
"496","423","Gastrodon-East","Water","Ground","1","0","0","0"
"497","423","Gastrodon-West","Water","Ground","1","1","0","0"
"498","424","Ambipom","Normal","---","0","0","0","0"
"499","425","Drifloon","Ghost","Flying","0","0","0","0"
"500","426","Drifblim","Ghost","Flying","0","0","0","0"
"501","427","Buneary","Normal","---","0","0","0","0"
"502","428","Lopunny","Normal","---","0","0","0","0"
"503","428","Lopunny-Mega","Normal","Fighting","0","0","1","0"
"504","429","Mismagius","Ghost","---","1","0","0","0"
"505","430","Honchkrow","Dark","Flying","0","0","0","0"
"506","431","Glameow","Normal","---","0","0","0","0"
"507","432","Purugly","Normal","---","1","0","0","0"
"508","433","Chingling","Psychic","---","1","0","0","0"
"509","434","Stunky","Poison","Dark","0","0","0","0"
"510","435","Skuntank","Poison","Dark","0","0","0","0"
"511","436","Bronzor","Steel","Psychic","1","0","0","0"
"512","437","Bronzong","Steel","Psychic","1","0","0","0"
"513","438","Bonsly","Rock","---","0","0","0","0"
"514","439","MimeJr.","Psychic","Fairy","0","0","0","0"
"515","440","Happiny","Normal","---","0","0","0","0"
"516","441","Chatot","Normal","Flying","0","0","0","0"
"517","442","Spiritomb","Ghost","Dark","0","0","0","0"
"518","443","Gible","Dragon","Ground","0","0","0","0"
"519","444","Gabite","Dragon","Ground","0","0","0","0"
"520","445","Garchomp","Dragon","Ground","0","0","0","0"
"521","445","Garchomp-Mega","Dragon","Ground","0","0","1","0"
"522","446","Munchilax","Normal","---","1","0","0","0"
"523","447","Riolu","Fighting","---","0","0","0","0"
"524","448","Lucario","Fighting","Steel","0","0","0","0"
"525","448","Lucario-Mega","Fighting","Steel","0","0","1","0"
"526","449","Hippopotas","Ground","---","0","0","0","0"
"527","450","Hippowdon","Ground","---","0","0","0","0"
"528","451","Skorupi","Posin","Bug","0","0","0","0"
"529","452","Drapion","Poison","Dark","0","0","0","0"
"530","453","Croagunk","Poison","Fighting","1","0","0","0"
"531","454","Toxicroak","Poison","Fighting","1","0","0","0"
"532","455","Carnivine","Grass","---","1","0","0","0"
"533","456","Finneon","Water","---","1","0","0","0"
"534","457","Lumineon","Water","---","1","0","0","0"
"535","458","Mantyke","Water","Flying","1","0","0","0"
"536","459","Snover","Grass","Ice","0","0","0","0"
"537","460","Abomasnow","Grass","Ice","0","0","0","0"
"538","460","Abomasnow-Mega","Grass","Ice","0","0","1","0"
"539","461","Weavile","Ice","Dark","0","0","0","0"
"540","462","Magnezone","Electric","Steel","0","0","0","0"
"541","463","Lickylicky","Normal","---","0","0","0","0"
"542","464","Rhyperior","Rock","Ground","1","0","0","0"
"543","465","Tangrowth","Grass","---","0","0","0","0"
"544","466","Electivire","Electric","---","1","0","0","0"
"545","467","Magmortar","Fire","---","0","0","0","0"
"546","468","Togekiss","Fairy","Flying","0","0","0","0"
"547","469","Yanmega","Bug","Flying","0","0","0","0"
"548","470","Leafeon","Grass","---","0","0","0","0"
"549","471","Glaceon","Ice","---","0","0","0","0"
"550","472","Gliscor","Ground","Flying","0","0","0","0"
"551","473","Mamosqine","Ice","Ground","1","0","0","0"
"552","474","Porygon-Z","Normal","---","0","0","0","0"
"553","475","Gallade","Psychic","Fighting","0","0","0","0"
"554","475","Gallade-Mega","Psychic","Fighting","0","0","1","0"
"555","476","Probopass","Rock","Steel","0","0","0","0"
"556","477","Dusknoir","Ghost","---","0","0","0","0"
"557","478","Froslass","Ice","Ghost","0","0","0","0"
"558","479","Rotom","Electric","Ghost","1","0","0","0"
"559","479","Rotom-Fan","Electric","Flying","1","1","0","0"
"560","479","Rotom-Freeze","Electric","Ice","1","1","0","0"
"561","479","Rotom-Heat","Electric","Fire","1","1","0","0"
"562","479","Rotom-Mow","Electric","Grass","1","1","0","0"
"563","479","Rotom-Wash","Electric","Water","1","1","0","0"
"564","480","Uxie","Psychic","---","1","0","0","0"
"565","481","Mesprit","Psychic","---","1","0","0","0"
"566","482","Azelf","Psychic","---","1","0","0","0"
"567","483","Dialga","Steel","Dragon","0","0","0","0"
"568","484","Palkia","Water","Dragon","0","0","0","0"
"569","485","Heatran","Fire","Steel","1","0","0","0"
"570","486","Regigias","Normal","---","0","0","0","0"
"571","487","Giratina","Ghost","Dragon","0","0","0","0"
"572","487","Giratina-Origin","Ghost","Dragon","1","1","0","0"
"573","488","Cresselia","Psychic","---","1","0","0","0"
"574","489","Phione","Water","---","0","0","0","0"
"575","490","Manaphy","Water","---","0","0","0","0"
"576","491","Darkrai","Dark","---","0","0","0","0"
"577","492","Shaymin","Grass","---","0","0","0","0"
"578","492","Shaymin-Sky","Grass","Flying","0","1","0","0"
"579","493","Arceus","Normal","---","0","0","0","0"
"580","493","Arceus-Bug","Bug","---","0","1","0","0"
"581","493","Arceus-Dark","Dark","---","0","1","0","0"
"582","493","Arceus-Dragon","Dragon","---","0","1","0","0"
"583","493","Arceus-Electric","Electric","---","0","1","0","0"
"584","493","Arceus-Fairy","Fairy","---","0","1","0","0"
"585","493","Arceus-Fighting","Fighting","---","0","1","0","0"
"586","493","Arceus-Fire","Fire","---","0","1","0","0"
"587","493","Arceus-Flying","Flying","---","0","1","0","0"
"588","493","Arceus-Ghost","Ghost","---","0","1","0","0"
"589","493","Arceus-Grass","Grass","---","0","1","0","0"
"590","493","Arceus-Ground","Ground","---","0","1","0","0"
"591","493","Arceus-Ice","Ice","---","0","1","0","0"
"592","493","Arceus-Poison","Poison","---","0","1","0","0"
"593","493","Arceus-Psychic","Psychic","---","0","1","0","0"
"594","493","Arceus-Rock","Rock","---","0","1","0","0"
"595","493","Arceus-Steel","Steel","---","0","1","0","0"
"596","493","Arceus-Water","Water","---","0","1","0","0"
"597","494","Victini","Psychic","Fire","0","0","0","0"
"598","495","Snivy","Grass","---","0","0","0","0"
"599","496","Servine","Grass","---","0","0","0","0"
"600","497","Serperior","Grass","---","0","0","0","0"
"601","498","Tepig","Fire","---","1","0","0","0"
"602","499","Pignite","Fire","Fighting","1","0","0","0"
"603","500","Emboar","Fire","Fighting","0","0","0","0"
"604","501","Oshawott","Water","---","0","0","0","0"
"605","502","Dewott","Water","---","0","0","0","0"
"606","503","Samurott","Water","---","0","0","0","0"
"607","504","Patrat","Normal","---","0","0","0","0"
"608","505","Watchog","Normal","---","0","0","0","0"
"609","506","Lillipup","Normal","---","0","0","0","0"
"610","507","Herdier","Normal","---","0","0","0","0"
"611","508","Stoutland","Normal","---","0","0","0","0"
"612","509","Purrloin","Dark","---","0","0","0","0"
"613","510","Liepard","Dark","---","0","0","0","0"
"614","511","Pansage","Grass","---","0","0","0","0"
"615","512","Simisage","Grass","---","0","0","0","0"
"616","513","Pansear","Fire","---","0","0","0","0"
"617","514","Simisear","Fire","---","0","0","0","0"
"618","515","Panpour","Water","---","0","0","0","0"
"619","516","Simipour","Water","---","0","0","0","0"
"620","517","Munna","Psychic","---","0","0","0","0"
"621","518","Musharna","Psychic","---","0","0","0","0"
"622","519","Pidove","Normal","Flying","0","0","0","0"
"623","520","Tranquill","Normal","Flying","0","0","0","0"
"624","521","Unfezant","Normal","Flying","0","0","0","0"
"625","522","Blitzle","Electric","---","1","0","0","0"
"626","523","Zebstrika","Electric","---","1","0","0","0"
"627","524","Roggenrola","Rock","---","0","0","0","0"
"628","525","Boldore","Rock","---","0","0","0","0"
"629","526","Gigalith","Rock","---","0","0","0","0"
"630","527","Woobat","Psychic","Flying","0","0","0","0"
"631","528","Swoobat","Psychic","Flying","0","0","0","0"
"632","529","Drilbur","Ground","---","0","0","0","0"
"633","530","Excadrill","Ground","Steel","0","0","0","0"
"634","531","Audino","Normal","---","0","0","0","0"
"635","531","Audino-Mega","Normal","Fairy","0","0","0","0"
"636","532","Timburr","Fighting","---","0","0","0","0"
"637","533","Gurdurr","Fighting","---","0","0","0","0"
"638","534","Conkeldurr","Fighting","---","0","0","0","0"
"639","535","Tympole","Water","---","1","0","0","0"
"640","536","Palpitoad","Water","Ground","1","0","0","0"
"641","537","Seismitoad","Water","Ground","1","0","0","0"
"642","538","Throh","Fighting","---","0","0","0","0"
"643","539","Sawk","Fighting","---","0","0","0","0"
"644","540","Sewaddle","Bug","Grass","0","0","0","0"
"645","541","Swadloon","Bug","Grass","0","0","0","0"
"646","542","Leavanny","Bug","Grass","0","0","0","0"
"647","543","Venipede","Bug","Poison","0","0","0","0"
"648","544","Whirlipede","Bug","Poison","0","0","0","0"
"649","545","Scolipede","Bug","Poison","0","0","0","0"
"650","546","Cottonee","Grass","Fairy","0","0","0","0"
"651","547","Whimsicott","Grass","Fairy","0","0","0","0"
"652","548","Petilil","Grass","---","0","0","0","0"
"653","549","Lilligant","Grass","---","0","0","0","0"
"654","550","Basculin-Red","Water","---","0","0","0","0"
"655","550","Basculin-Blue","Water","---","0","1","0","0"
"656","551","Sandile","Ground","Dark","0","0","0","0"
"657","552","Krokorok","Ground","Dark","0","0","0","0"
"658","553","Krookodile","Ground","Dark","0","0","0","0"
"659","554","Darumaka","Fire","---","0","0","0","0"
"660","555","Darmanitan","Fire","---","0","0","0","0"
"661","555","Darmanitan-Zen","Fire","Psychic","0","1","0","0"
"662","556","Maractus","Grass","---","1","0","0","0"
"663","557","Dwebble","Bug","Rock","0","0","0","0"
"664","558","Crustle","Bug","Rock","0","0","0","0"
"665","559","Scraggy","Dark","Fighting","0","0","0","0"
"666","560","Scrafty","Dark","Fighting","0","0","0","0"
"667","561","Sigilyph","Psychic","Flying","0","0","0","0"
"668","562","Yamask","Ghost","---","0","0","0","0"
"669","563","Cofagrigus","Ghost","---","0","0","0","0"
"670","564","Tirtouga","Water","Rock","0","0","0","0"
"671","565","Carracosta","Water","Rock","0","0","0","0"
"672","566","Archen","Rock","Flying","0","0","0","0"
"673","567","Archeops","Rock","Flying","0","0","0","0"
"674","568","Trubbish","Poison","---","0","0","0","0"
"675","569","Garbodor","Poison","---","0","0","0","0"
"676","570","Zorua","Dark","---","0","0","0","0"
"677","571","Zoroark","Dark","---","0","0","0","0"
"678","572","Minccino","Normal","---","0","0","0","0"
"679","573","Cinccino","Normal","---","0","0","0","0"
"680","574","Gothita","Psychic","---","0","0","0","0"
"681","575","Gothorita","Psychic","---","0","0","0","0"
"682","576","Gothitelle","Psychic","---","0","0","0","0"
"683","577","Solosis","Psychic","---","0","0","0","0"
"684","578","Duosion","Psychic","---","0","0","0","0"
"685","579","Reuniclus","Psychic","---","0","0","0","0"
"686","580","Ducklett","Water","Flying","0","0","0","0"
"687","581","Swanna","Water","Flying","0","0","0","0"
"688","582","Vanillite","Ice","---","0","0","0","0"
"689","583","Vanillish","Ice","---","0","0","0","0"
"690","584","Vanilluxe","Ice","---","0","0","0","0"
"691","585","Deerling","Normal","Grass","1","0","0","0"
"692","586","Sawsbuck","Normal","Grass","1","0","0","0"
"693","587","Emolga","Electric","Flying","1","0","0","0"
"694","588","Karrablast","Bug","---","0","0","0","0"
"695","589","Escavalier","Bug","Steel","0","0","0","0"
"696","590","Foongus","Grass","Poison","0","0","0","0"
"697","591","Amoonguss","Grass","Poison","0","0","0","0"
"698","592","Frillish","Water","Ghost","1","0","0","0"
"699","593","Jellicent","Water","Ghost","1","0","0","0"
"700","594","Alomomola","Water","---","0","0","0","0"
"701","595","Joltik","Bug","Electric","0","0","0","0"
"702","596","Galvantula","Bug","Electric","0","0","0","0"
"703","597","Ferroseed","Grass","Steel","0","0","0","0"
"704","598","Ferrorthorn","Grass","Steel","0","0","0","0"
"705","599","Klink","Steel","---","0","0","0","0"
"706","600","Klang","Steel","---","0","0","0","0"
"707","601","Klinklang","Steel","---","0","0","0","0"
"708","602","Tynamo","Electric","---","1","0","0","0"
"709","603","Eelektrik","Electric","---","1","0","0","0"
"710","604","Eellektross","Electric","---","1","0","0","0"
"711","605","Elgyem","Psychic","---","0","0","0","0"
"712","606","Beheeyem","Psychic","---","0","0","0","0"
"713","607","Litwick","Ghost","Fire","1","0","0","0"
"714","608","Lampent","Ghost","Fire","1","0","0","0"
"715","609","Chandelure","Ghost","Fire","1","0","0","0"
"716","610","Axew","Dragon","---","0","0","0","0"
"717","611","Fraxure","Dragon","---","0","0","0","0"
"718","612","Haxorus","Dragon","---","0","0","0","0"
"719","613","Cubchoo","Ice","---","0","0","0","0"
"720","614","Beartic","Ice","---","0","0","0","0"
"721","615","Cryogonal","Ice","---","1","0","0","0"
"722","616","Shelmet","Bug","---","0","0","0","0"
"723","617","Accelgor","Bug","---","0","0","0","0"
"724","618","Stunfisk","Ground","Electric","0","0","0","0"
"725","619","Mienfoo","Fighting","---","0","0","0","0"
"726","620","Mienshao","Fighting","---","0","0","0","0"
"727","621","Druddigon","Dragon","---","0","0","0","0"
"728","622","Golett","Ground","Ghost","0","0","0","0"
"729","623","Golurk","Ground","Ghost","0","0","0","0"
"730","624","Pawniard","Steel","Dark","0","0","0","0"
"731","625","Bisharp","Steel","Dark","0","0","0","0"
"732","626","Bouffalant","Normal","---","1","0","0","0"
"733","627","Rufflet","Normal","Flying","0","0","0","0"
"734","628","Braviary","Normal","Flying","0","0","0","0"
"735","629","Vullaby","Dark","Flying","0","0","0","0"
"736","630","Mandibuzz","Dark","Flying","0","0","0","0"
"737","631","Heatmor","Fire","---","1","0","0","0"
"738","632","Durant","Bug","Steel","0","0","0","0"
"739","633","Deino","Dragon","Dark","1","0","0","0"
"740","634","Zweilous","Dragon","Dark","1","0","0","0"
"741","635","Hydreigon","Dragon","Dark","1","0","0","0"
"742","636","Larvesta","Bug","Fire","0","0","0","0"
"743","637","Volcarona","Bug","Fire","0","0","0","0"
"744","638","Cobalion","Steel","Fighting","0","0","0","0"
"745","639","Terrakion","Rock","Fighting","0","0","0","0"
"746","640","Virizion","Grass","Fighting","0","0","0","0"
"747","641","Tornadus-Incarnate","Flying","---","0","0","0","0"
"748","641","Tornadus-Therian","Flying","---","0","1","0","0"
"749","642","Thundurus-Incarnate","Electric","Flying","1","0","0","0"
"750","642","Thundurus-Therian","Electric","Flying","1","1","0","0"
"751","643","Reshiram","Dragon","Fire","0","0","0","0"
"752","644","Zekrom","Dragon","Electric","0","0","0","0"
"753","645","Landorus-Incarnate","Ground","Flying","0","0","0","0"
"754","645","Landorus-Therian","Ground","Flying","0","1","0","0"
"755","646","Kyurem","Dragon","Ice","0","0","0","0"
"756","646","Kyurem-Black","Dragon","Ice","0","1","0","0"
"757","646","Kyurem-White","Dragon","Ice","0","1","0","0"
"758","647","Keldeo","Water","Fighting","0","0","0","0"
"759","648","Meloetta-Aria","Normal","Psychic","0","0","0","0"
"760","648","Meloetta-Pirouette","Normal","Fighting","0","1","0","0"
"761","649","Genesect","Bug","Steel","0","0","0","0"
"762","650","Chespin","Grass","---","0","0","0","0"
"763","651","Quilladin","Grass","---","0","0","0","0"
"764","652","Chesnaught","Grass","Fighting","0","0","0","0"
"765","653","Fennekin","Fire","---","0","0","0","0"
"766","654","Braixen","Fire","---","0","0","0","0"
"767","655","Delphox","Fire","Psychic","0","0","0","0"
"768","656","Froakie","Water","---","0","0","0","0"
"769","657","Frogadier","Water","---","0","0","0","0"
"770","658","Greninja","Water","Dark","0","0","0","0"
"771","658","Greninja-Ash","Water","Dark","0","1","0","0"
"772","659","Bunnelby","Normal","---","0","0","0","0"
"773","660","Diggersby","Normal","Ground","0","0","0","0"
"774","661","Fletchling","Normal","Flying","0","0","0","0"
"775","662","Fletchinder","Fire","Flying","0","0","0","0"
"776","663","Talonflame","Fire","Flying","0","0","0","0"
"777","664","Scatterbug","Bug","---","0","0","0","0"
"778","665","Spewpa","Bug","---","0","0","0","0"
"779","666","Vivillon","Bug","Flying","0","0","0","0"
"780","667","Litleo","Fire","Normal","0","0","0","0"
"781","668","Pyroar","Fire","Normal","0","0","0","0"
"782","669","Flabebe","Fairy","---","0","0","0","0"
"783","670","Floette","Fairy","---","0","0","0","0"
"784","670","Floette-Eternal","Fairy","---","0","1","0","0"
"785","671","Florges","Fairy","---","0","0","0","0"
"786","672","Skiddo","Grass","---","1","0","0","0"
"787","673","Gogoat","Grass","---","1","0","0","0"
"788","674","Pancham","Fighting","---","0","0","0","0"
"789","675","Pangoro","Fighting","Dark","0","0","0","0"
"790","676","Furfrou","Normal","---","0","0","0","0"
"791","677","Espurr","Psychic","---","0","0","0","0"
"792","678","Meowstic-Male","Psychic","---","0","0","0","0"
"793","678","Meowstic-Female","Psychic","---","0","0","0","0"
"794","679","Honedge","Steel","Ghost","0","0","0","0"
"795","680","Doublade","Steel","Ghost","0","0","0","0"
"796","681","Aegislash","Steel","Ghost","0","0","0","0"
"797","681","Aegislash-Blade","Steel","Ghost","0","1","0","0"
"798","682","Spritzee","Fairy","---","0","0","0","0"
"799","683","Aromatisse","Fairy","---","0","0","0","0"
"800","684","Swirlix","Fairy","---","0","0","0","0"
"801","685","Slurpuff","Fairy","---","0","0","0","0"
"802","686","Inkay","Dark","Psychic","0","0","0","0"
"803","687","Malamar","Dark","Psychic","0","0","0","0"
"804","688","Binacle","Rock","Water","0","0","0","0"
"805","689","Barbaracle","Rock","Water","0","0","0","0"
"806","690","Skrelp","Poison","Water","0","0","0","0"
"807","691","Dragalge","Poison","Dragon","0","0","0","0"
"808","692","Clauncher","Water","---","0","0","0","0"
"809","693","Clawitzer","Water","---","0","0","0","0"
"810","694","Helioptile","Electric","Normal","1","0","0","0"
"811","695","Heliolisk","Electric","Normal","1","0","0","0"
"812","696","Tyrunt","Rock","Dragon","0","0","0","0"
"813","697","Tyrantrum","Rock","Dragon","0","0","0","0"
"814","698","Amaura","Rock","Ice","0","0","0","0"
"815","699","Aurorus","Rock","Ice","0","0","0","0"
"816","700","Sylveon","Fairy","---","0","0","0","0"
"817","701","Hawlucha","Fighting","Flying","0","0","0","0"
"818","702","Dedenne","Electric","Fairy","0","0","0","0"
"819","703","Carbink","Rock","Fairy","0","0","0","0"
"820","704","Goomy","Dragon","---","0","0","0","0"
"821","705","Sliggoo","Dragon","---","0","0","0","0"
"822","706","Goodra","Dragon","---","0","0","0","0"
"823","707","Klefki","Steel","Fairy","0","0","0","0"
"824","708","Phantump","Ghost","Grass","0","0","0","0"
"825","709","Trevenant","Ghost","Grass","0","0","0","0"
"826","710","Pumpkaboo","Ghost","Grass","0","0","0","0"
"827","710","Pumpkaboo-Small","Ghost","Grass","0","1","0","0"
"828","710","Pumpkaboo-Large","Ghost","Grass","0","1","0","0"
"829","710","Pumpkaboo-ExtraLarge","Ghost","Grass","0","1","0","0"
"830","711","Gourgeist","Ghost","Grass","0","0","0","0"
"831","711","Gourgeist-Small","Ghost","Grass","0","1","0","0"
"832","711","Gourgeist-Large","Ghost","Grass","0","1","0","0"
"833","711","Gourgeist-ExtraLarge","Ghost","Grass","0","1","0","0"
"834","712","Bergmite","Ice","---","0","0","0","0"
"835","713","Avalugg","Ice","---","0","0","0","0"
"836","714","Noibat","Flying","Dragon","0","0","0","0"
"837","715","Noivern","Flying","Dragon","0","0","0","0"
"838","716","Xerneas","Fairy","---","0","0","0","0"
"839","717","Yveltal","Dark","Flying","0","0","0","0"
"840","718","Zygarde-50%","Dragon","Ground","0","0","0","0"
"841","718","Zygarde-10%","Dragon","Ground","0","1","0","0"
"842","718","Zygarde-Complete","Dragon","Ground","0","1","0","0"
"843","719","Diancie","Rock","Fairy","0","0","0","0"
"844","719","Diancie-Mega","Rock","Fairy","0","0","1","0"
"845","720","Hoopa-Confined","Psychic","Ghost","0","0","0","0"
"846","720","Hoopa-Unbound","Psychic","Dark","0","1","0","0"
"847","721","Volcanion","Fire","Water","1","0","0","0"
"848","722","Rowlet","Grass","Flying","0","0","0","0"
"849","723","Datrix","Grass","Flying","0","0","0","0"
"850","724","Decidueye","Grass","Ghost","0","0","0","0"
"851","725","Litten","Fire","---","0","0","0","0"
"852","726","Torracat","Fire","---","0","0","0","0"
"853","727","Incineroar","Fire","Dark","0","0","0","0"
"854","728","Popplio","Water","---","0","0","0","0"
"855","729","Brionne","Water","---","0","0","0","0"
"856","730","Primarina","Water","Fairy","0","0","0","0"
"857","731","Pikipek","Normal","Flying","0","0","0","0"
"858","732","Trumbeak","Normal","Flying","0","0","0","0"
"859","733","Toucannon","Normal","Flying","0","0","0","0"
"860","734","Yungoos","Normal","---","0","0","0","0"
"861","735","Gumshoos","Normal","---","0","0","0","0"
"862","736","Grubbin","Bug","---","0","0","0","0"
"863","737","Charjabug","Bug","Electric","0","0","0","0"
"864","738","Vikavolt","Bug","Electric","1","0","0","0"
"865","739","Crabrawler","Fighting","---","0","0","0","0"
"866","740","Crabominable","Fighting","Ice","0","0","0","0"
"867","741","Oricorio-Baile","Fire","Flying","0","0","0","0"
"868","741","Oricorio-Pom-Pom","Electric","Flying","0","0","0","0"
"869","741","Oricorio-Pa'u","Psychic","Flying","0","0","0","0"
"870","741","Oricorio-Sensu","Ghost","Flying","0","0","0","0"
"871","742","Cutiefly","Bug","Fairy","0","0","0","0"
"872","743","Ribombee","Bug","Fairy","0","0","0","0"
"873","744","Rockruff","Rock","---","0","0","0","0"
"874","745","Lycanroc-Miday","Rock","---","0","0","0","0"
"875","745","Lycanroc-Midnoght","Rock","---","0","1","0","0"
"876","745","Lycanroc-Dusk","Rock","---","0","1","0","0"
"877","746","Wishiwashi","Water","---","0","0","0","0"
"878","746","Wishiwashi-School","Water","---","0","1","0","0"
"879","747","Mareanie","Poison","Water","0","0","0","0"
"880","748","Toxapex","Poison","Water","0","0","0","0"
"881","749","Mudbray","Ground","---","0","0","0","0"
"882","750","Mudsdale","Ground","---","0","0","0","0"
"883","751","Dewpider","Water","Bug","1","0","0","0"
"884","752","Araquanid","Water","Bug","1","0","0","0"
"885","753","Fomantis","Grass","---","0","0","0","0"
"886","754","Lurantis","Grass","---","0","0","0","0"
"887","755","Morelull","Grass","Fairy","0","0","0","0"
"888","756","Shiinotic","Grass","Fairy","0","0","0","0"
"889","757","Salandit","Poison","Fire","0","0","0","0"
"890","758","Salazzle","Poison","Fire","0","0","0","0"
"891","759","Stufful","Normal","Fighting","1","0","0","0"
"892","760","Bewear","Normal","Fighting","1","0","0","0"
"893","761","Bounsweet","Grass","---","0","0","0","0"
"894","762","Steenee","Grass","---","0","0","0","0"
"895","763","Tsareena","Grass","---","0","0","0","0"
"896","764","Comfey","Fairy","---","0","0","0","0"
"897","765","Oranguru","Normal","Psychic","0","0","0","0"
"898","766","Passimian","Fighting","---","0","0","0","0"
"899","767","Wimpod","Bug","Water","0","0","0","0"
"900","768","Golisopod","Bug","Water","0","0","0","0"
"901","769","Sandygast","Ground","Ghost","0","0","0","0"
"902","770","Palossand","Ground","Ghost","0","0","0","0"
"903","771","Pyukumuku","Water","---","0","0","0","0"
"904","772","Type:Null","Normal","---","0","0","0","0"
"905","773","Silvally","Normal","---","0","0","0","0"
"906","773","Silvally-Bug","Bug","---","0","1","0","0"
"907","773","Silvally-Dark","Dark","---","0","1","0","0"
"908","773","Silvally-Dragon","Dragon","---","0","1","0","0"
"909","773","Silvally-Electric","Electric","---","0","1","0","0"
"910","773","Silvally-Fairy","Fairy","---","0","1","0","0"
"911","773","Silvally-Fighting","Fighting","---","0","1","0","0"
"912","773","Silvally-Fire","Fire","---","0","1","0","0"
"913","773","Silvally-Flying","Flying","---","0","1","0","0"
"914","773","Silvally-Ghost","Ghost","---","0","1","0","0"
"915","773","Silvally-Grass","Grass","---","0","1","0","0"
"916","773","Silvally-Ground","Ground","---","0","1","0","0"
"917","773","Silvally-Ice","Ice","---","0","1","0","0"
"918","773","Silvally-Poison","Poison","---","0","1","0","0"
"919","773","Silvally-Psychic","Psychic","---","0","1","0","0"
"920","773","Silvally-Rock","Rock","---","0","1","0","0"
"921","773","Silvally-Steel","Steel","---","0","1","0","0"
"922","773","Silvally-Water","Water","---","0","1","0","0"
"923","774","Minior","Rock","Flying","0","0","0","0"
"924","774","Minior-Core","Rock","Flying","0","1","0","0"
"925","775","Komala","Normal","---","0","0","0","0"
"926","776","Turtonator","Fire","Dragon","0","0","0","0"
"927","777","Togedemaru","Electric","Steel","1","0","0","0"
"928","778","Mimikyu","Ghost","Fairy","0","0","0","0"
"929","779","Bruxish","Water","Psychic","0","0","0","0"
"930","780","Drampa","Normal","Dragon","1","0","0","0"
"931","781","Dhelmise","Ghost","Grass","0","0","0","0"
"932","782","Jangmo-o","Dragon","---","0","0","0","0"
"933","783","Hakkamo-o","Dragon","Fighting","0","0","0","0"
"934","784","Kommo-o","Dragon","Fighting","0","0","0","0"
"935","785","TapuKoko","Electric","Fairy","0","0","0","0"
"936","786","TapuLele","Psychic","Fairy","0","0","0","0"
"937","787","TapuBulu","Grass","Fairy","0","0","0","0"
"938","788","TapuFini","Water","Fairy","0","0","0","0"
"939","789","Cosmog","Psychic","---","0","0","0","0"
"940","790","Cosmoem","Psychic","---","0","0","0","0"
"941","791","Solgaleo","Psychic","Steel","0","0","0","0"
"942","792","Lunala","Psychic","Ghost","0","0","0","0"
"943","793","Nihilego","Rock","Poison","0","0","0","0"
"944","794","Buzzwole","Bug","Fighting","0","0","0","0"
"945","795","Pheromosa","Bug","Fighting","0","0","0","0"
"946","796","Xurkitree","Electric","---","0","0","0","0"
"947","797","Celesteela","Steel","Flying","0","0","0","0"
"948","798","Kartana","Grass","Steel","0","0","0","0"
"949","799","Guzzlord","Dark","Dragon","0","0","0","0"
"950","800","Necrozma","Psychic","---","0","0","0","0"
"951","800","Necrozma-DuskMane","Psychic","Steel","0","1","0","0"
"952","800","Necrozma-DawnWing","Psychic","Ghost","0","1","0","0"
"953","800","Necrozma-Ultra","Psychic","Dragon","0","1","0","0"
"954","801","Magearna","Steel","Fairy","0","0","0","0"
"955","802","Marshadow","Fighting","Ghost","0","0","0","0"
"956","803","Poipole","Poison","---","0","0","0","0"
"957","804","Naganadel","Poison","Dragon","0","0","0","0"
"958","805","Stakataka","Rock","Steel","0","0","0","0"
"959","806","Blacephalon","Fire","Ghost","0","0","0","0"
"960","807","Zeraora","Electric","---","1","0","0","0"
