ID, Name, Type 1, Type 2, ability_consideration, IS_ALTERNATE_FORME, IS_MEGA_EVOLUTION, IS_REGIONAL_VARIANT
1, Bulbasaur, Grass, Poison, 0, 0, 0, 0
2, Ivysaur, Grass, Poison, 0, 0, 0, 0
3, Vensaur, Grass, Poison, 0, 0, 0, 0
3, Venusaur-Mega, Grass, Poison, 1, 0, 1, 0
4, Charmander, Fire, ---, 0, 0, 0, 0
5, Charmeleon, Fire, ---, 0, 0, 0, 0
6, Charizard, Fire, Flying, 0, 0, 0, 0
6, Charizard-Mega-X, Fire, Dragon, 0, 0, 1, 0
6, Charizard-Mega-Y, Fire, Flying, 0, 0, 1, 0
7, Squirtle, Water, ---, 0, 0, 0, 0
8, Wartortle, Water, ---, 0, 0, 0, 0
9, Blastoise, Water, ---, 0, 0, 0, 0
9, Blastoise-Mega, Water, ---, 0, 0, 1, 0
10, Caterpie, Bug, ---, 0, 0, 0, 0
11, Metapod, Bug, ---, 0, 0, 0, 0
12, Butterfree, Bug, Flying, 0, 0, 0, 0
13, Weedle, Bug, Poison, 0, 0, 0, 0
14, Kakuna, Bug, Poison, 0, 0, 0, 0
15, Beedrill, Bug, Poison, 0, 0, 0, 0
15, Beedrill-Mega, Bug, Poison, 0, 0, 1, 0
16, Pidgey, Normal, Flying, 0, 0, 0, 0
17, Pidgeotto, Normal, Flying, 0, 0, 0, 0
18, Pidgeot, Normal, Flying, 0, 0, 0, 0
18, Pidgeot-Mega, Normal, Flying, 0, 0, 1, 0
19, Rattata, Normal, ---, 0, 0, 0, 0
19, Rattata-Alola, Normal, Dark, 1, 0, 0, 1
20, Raticate, Normal, ---, 0, 0, 0, 0
20, Ratcate-Alola, Normal, Dark, 1, 0, 0, 1
21, Spearow, Normal, Flying, 0, 0, 0, 0
22, Fearow, Normal, Flying, 0, 0, 0, 0
23, Ekans, Poison, ---, 0, 0, 0, 0
24, Arbok, Poison, ---, 0, 0, 0, 0
25, Pikachu, Electric, ---, 1, 0, 0, 0
26, Raichu, Electric, ---, 1, 0, 0, 0
26, Raichu-Alola, Electric, Psychic, 0, 0, 0, 1
27, Sandshrew, Ground, ---, 0, 0, 0, 0
27, Sandshrew-Alola, Ice, Steel, 0, 0, 0, 1
28, Sandslash, Ground, ---, 0, 0, 0, 0
28, Sandslash-Alola, Ice, Steel, 0, 0, 0, 1
29, Nidoran-F, Poison, ---, 0, 0, 0, 0
30, Nidorina, Poison, ---, 0, 0, 0, 0
31, Nidoqueen, Poison, Ground, 0, 0, 0, 0
32, Nidoran-M, Poison, ---, 0, 0, 0, 0
33, Nidorino, Poison, ---, 0, 0, 0, 0
34, Nidoking, Poison, Ground, 0, 0, 0, 0
35, Clefairy, Fairy, ---, 0, 0, 0, 0
36, Clefable, Fairy, ---, 0, 0, 0, 0
37, Vulpix, Fire, ---, 1, 0, 0, 0
37, Vulpix-Alola, Ice, ---, 0, 0, 0, 1
38, Ninetails, Fire, ---, 1, 0, 0, 0
38, Ninetails-Alola, Ice, Fairy, 0, 0, 0, 1
39, Jigglypuff, Normal, Fairy, 0, 0, 0, 0
40, Wigglytuff, Normal, Fairy, 0, 0, 0, 0
41, Zubat, Poison, Flying, 0, 0, 0, 0
42, Golbat, Poison, Flying, 0, 0, 0, 0
43, Oddish, Grass, Poison, 0, 0, 0, 0
44, Gloom, Grass, Poison, 0, 0, 0, 0
45, Vileplume, Grass, Poison, 0, 0, 0, 0
46, Paras, Bug, Grass, 1, 0, 0, 0
47, Parasect, Bug, Grass, 1, 0, 0, 0
48, Venonat, Bug, Poison, 0, 0, 0, 0
49, Venomoth, Bug, Poison, 0, 0, 0, 0
50, Diglett, Ground, ---, 0, 0, 0, 0
50, Diglett-Alola, Ground, Steel, 0, 0, 0, 1
51, Dugtrio, Ground, ---, 0, 0, 0, 0
51, Dugtrio-Alola, Ground, Steel, 0, 0, 0, 1
52, Meowth, Normal, ---, 0, 0, 0, 0
52, Meowth-Alola, Dark, ---, 0, 0, 0, 1
53, Persian, Normal, ---, 0, 0, 0, 0
53, Persian-Alola, Dark, ---, 0, 0, 0, 1
54, Psyduck, Water, ---, 0, 0, 0, 0
55, Golduck, Water, ---, 0, 0, 0, 0
56, Mankey, Fighting, ---, 0, 0, 0, 0
57, Primeape, Fighting, ---, 0, 0, 0, 0
58, Growlithe, Fire, ---, 1, 0, 0, 0
59, Arcanine, Fire, ---, 1, 0, 0, 0
60, Poliwag, Water, ---, 1, 0, 0, 0
61, Poliwhirl, Water, ---, 1, 0, 0, 0
62, Poliwrath, Water, ---, 1, 0, 0, 0
63, Abra, Psychic, ---, 0, 0, 0, 0
64, Kadabra, Psychic, ---, 0, 0, 0, 0
65, Alakazam, Pyschic, ---, 0, 0, 0, 0
65, Alakazam-Mega, Psychic, ---, 0, 0, 1, 0
66, Machop, Fighting, ---, 0, 0, 0, 0
67, Machoke, Fighting, ---, 0, 0, 0, 0
68, Machamp, Fighting, ---, 0, 0, 0, 0
69, Bellsprout, Grass, Poison, 0, 0, 0, 0
70, Weepinbell, Grass, Poison, 0, 0, 0, 0
71, Victreebel, Grass, Poison, 0, 0, 0, 0
72, Tentacool, Water, Poison, 0, 0, 0, 0
73, Tentacruel, Water, Poison, 0, 0, 0, 0
74, Geodude, Rock, Ground, 0, 0, 0, 0
74, Geodude-Alola, Rock, Electric, 0, 0, 0, 1
75, Graveler, Rock, Ground, 0, 0, 0, 0
75, Graveler-Alola, Rock, Electric, 0, 0, 0, 1
76, Golem, Rock, Ground, 0, 0, 0, 0
76, Golem-Alola, Rock, Electric, 0, 0, 0, 1
77, Ponyta, Fire, ---, 1, 0, 0, 0
78, Rapidash, Fire, ---, 1, 0, 0, 0
79, Slowpoke, Water, Psychic, 0, 0, 0, 0
80, Slowbro, Water, Psychic, 0, 0, 0, 0
80, Slowbro-Mega, Water, Psychic, 0, 0, 1, 0
81, Magnemite, Electric, Steel, 0, 0, 0, 0
82, Magneton, Electric, Steel, 0, 0, 0, 0
83, Farfetch'd, Normal, Flying, 0, 0, 0, 0
84, Doduo, Normal, Flying, 0, 0, 0, 0
85, Dodrio, Normal, Flying, 0, 0, 0, 0
86, Seel, Water, ---, 1, 0, 0, 0
87, Dewgong, Water, Ice, 1, 0, 0, 0
88, Grimer, Poison, ---, 0, 0, 0, 0
88, Grimer-Alola, Poison, Dark, 0, 0, 0, 1
89, Muk, Poison, ---, 0, 0, 0, 0
89, Muk-Alola, Poison, Dark, 0, 0, 0, 1
90, Shellder, Water, ---, 0, 0, 0, 0
91, Cloyster, Water, Ice, 0, 0, 0, 0
92, Gastly, Ghost, Poison, 1, 0, 0, 0
93, Haunter, Ghost, Poison, 1, 0, 0, 0
94, Gengar, Ghost, Poison, 0, 0, 0, 0
94, Gengar-Mega, Ghost, Poison, 0, 0, 1, 0
95, Onix, Rock, Ground, 0, 0, 0, 0
96, Drowzee, Psychic, ---, 0, 0, 0, 0
97, Hypno, Psychic, ---, 0, 0, 0, 0
98, Krabby, Water, ---, 0, 0, 0, 0
99, Kingler, Water, ---, 0, 0, 0, 0
100, Voltorb, Electric, ---, 0, 0, 0, 0
101, Electrode, Electric, ---, 0, 0, 0, 0
102, Exeggcute, Grass, Psychic, 0, 0, 0, 0
103, Exeggutor, Grass, Psychic, 0, 0, 0, 0
103, Exeggutor-Alola, Grass, Dragon, 0, 0, 0, 1
104, Cubone, Ground, ---, 1, 0, 0, 0
105, Marowak, Ground, ---, 1, 0, 0, 0
105, Marowak-Alola, Ghost, Fire, 1, 0, 0, 1
106, Hitmonlee, Fighting, ---, 0, 0, 0, 0
107, Hitmonchan, Fighting, ---, 0, 0, 0, 0
108, Lickitung, Normal, ---, 0, 0, 0, 0
109, Koffing, Poison, ---, 1, 0, 0, 0
110, Weezing, Poison, ---, 1, 0, 0, 0
111, Rhyhorn, Rock, Ground, 1, 0, 0, 0
112, Rhydon, Rock, Ground, 1, 0, 0, 0
113, Chansey, Normal, ---, 0, 0, 0, 0
114, Tangela, Grass, ---, 0, 0, 0, 0
115, Kangaskhan, Normal, ---, 0, 0, 0, 0
115, Kangaskhan-Mega, Normal, ---, 0, 0, 1, 0
116, Horsea, Water, ---, 0, 0, 0, 0
117, Seadra, Water, ---, 0, 0, 0, 0
118, Goldeen, Water, ---, 1, 0, 0, 0
119, Seaking, Water, ---, 1, 0, 0, 0
120, Staryu, Water, ---, 0, 0, 0, 0
121, Starmie, Water, Psychic, 0, 0, 0, 0
122, Mr. Mime, Psychic, Fairy, 0, 0, 0, 0
123, Scyther, Bug, Flying, 0, 0, 0, 0
124, Jynx, Ice, Psychic, 1, 0, 0, 0
125, Electabuzz, Electric, ---, 0, 0, 0, 0
126, Magmar, Fire, ---, 0, 0, 0, 0
127, Pinsir, Bug, ---, 0, 0, 0, 0
127, Pinsir-Mega, Bug, Flying, 0, 0, 1, 0
128, Tauros, Normal, ---, 0, 0, 0, 0
129, Magikarp, Water, ---, 0, 0, 0, 0
130, Gyarados, Water, Flying, 0, 0, 0, 0
130, Gyarados-Mega, Water, Dark, 0, 0, 1, 0
131, Lapras, Water, Ice, 1, 0, 0, 0
132, Ditto, Normal, ---, 0, 0, 0, 0
133, Eevee, Normal, ---, 0, 0, 0, 0
134, Vaporeon, Water, ---, 1, 0, 0, 0
135, Jolteon, Electric, ---, 1, 0, 0, 0
136, Flareon, Fire, ---, 1, 0, 0, 0
137, Porygon, Normal, ---, 0, 0, 0, 0
138, Omanyte, Rock, Water, 0, 0, 0, 0
139, Omastar, Rock, Water, 0, 0, 0, 0
140, Kabuto, Rock, Water, 0, 0, 0, 0
141, Kabutops, Rock, Water, 0, 0, 0, 0
142, Aerodactyl, Rock, Flying, 0, 0, 0, 0
142, Aerodactyl-Mega, Rock, Flying, 0, 0, 1, 0
143, Snorlax, Normal, ---, 1, 0, 0, 0
144, Articuno, Ice, Flying, 0, 0, 0, 0
145, Zapdos, Electric, Flying, 0, 0, 0, 0
146, Moltres, Fire, Flying, 0, 0, 0, 0
147, Dratini, Dragon, ---, 0, 0, 0, 0
148, Dragonair, Dragon, ---, 0, 0, 0, 0
149, Dragonite, Dragon, Flying, 0, 0, 0, 0
150, Mewtwo, Psychic, ---, 0, 0, 0, 0
150, Mewtwo-Mega-X, Psychic, Fighting, 0, 0, 1, 0
150, Mewtwo-Mega-Y, Psychic, ---, 0, 0, 1, 0
151, Mew, Psychic, ---, 0, 0, 0, 0
152, Chikorita, Grass, ---, 0, 0, 0, 0
153, Bayleef, Grass, ---, 0, 0, 0, 0
154, Meganium, Grass, ---, 0, 0, 0, 0
155, Cyndaquil, Fire, ---, 1, 0, 0, 0
156, Quilava, Fire, ---, 1, 0, 0, 0
157, Typhlosion, Fire, ---, 1, 0, 0, 0
158, Totodile, Water, ---, 0, 0, 0, 0
159, Croconaw, Water, ---, 0, 0, 0, 0
160, Feraligatr, Water, ---, 0, 0, 0, 0
161, Sentret, Normal, ---, 0, 0, 0, 0
162, Furret, Normal, ---, 0, 0, 0, 0
163, Hoothoot, Normal, Flying, 0, 0, 0, 0
164, Noctowl, Normal, Flying, 0, 0, 0, 0
165, Ledyba, Bug, Flying, 0, 0, 0, 0
166, Ledian, Bug, Flying, 0, 0, 0, 0
167, Spinarak, Bug, Poison, 0, 0, 0, 0
168, Ariados, Bug, Poison, 0, 0, 0, 0
169, Crobat, Poison, Flying, 0, 0, 0, 0
170, Chinchou, Water, Electric, 1, 0, 0, 0
171, Lanturn, Water, Electric, 1, 0, 0, 0
172, Pichu, Electric, ---, 1, 0, 0, 0
173, Cleffa, Fairy, ---, 0, 0, 0, 0
174, Igglybuff, Normal, Fairy, 0, 0, 0, 0
175, Togepi, Fairy, ---, 0, 0, 0, 0
176, Togetic, Fairy, Flying, 0, 0, 0, 0
177, Natu, Psychic, Flying, 0, 0, 0, 0
178, Xatu, Psychic, Flying, 0, 0, 0, 0
179, Mareep, Electric, ---, 0, 0, 0, 0
180, Flaafy, Electric, ---, 0, 0, 0, 0
181, Ampharos, Electric, ---, 0, 0, 0, 0
181, Ampharos-Mega, Electric, Dragon, 0, 0, 1, 0
182, Bellossom, Grass, ---, 0, 0, 0, 0
183, Marill, Water, Fairy, 1, 0, 0, 0
184, Azumarill, Water, Fairy, 1, 0, 0, 0
185, Sudowoodo, Rock, ---, 0, 0, 0, 0
186, Politoed, Water, ---, 1, 0, 0, 0
187, Hoppip, Grass, Flying, 0, 0, 0, 0
188, Skiploom, Grass, Flying, 0, 0, 0, 0
189, Jumpluff, Grass, Flying, 0, 0, 0, 0
190, Aipom, Normal, ---, 0, 0, 0, 0
191, Sunkern, Grass, ---, 0, 0, 0, 0
192, Sunflora, Grass, ---, 0, 0, 0, 0
193, Yanma, Bug, Flying, 0, 0, 0, 0
194, Wooper, Water, Ground, 1, 0, 0, 0
195, Quagsire, Water, Ground, 1, 0, 0, 0
196, Espeon, Psychic, ---, 0, 0, 0, 0
197, Umbreon, Dark, ---, 0, 0, 0, 0
198, Murkrow, Dark, Flying, 0, 0, 0, 0
199, Slowking, Water, Psychic, 0, 0, 0, 0
200, Misdreavous, Ghost, ---, 1, 0, 0, 0
201, Unown, Psychic, ---, 1, 0, 0, 0
202, Wobbuffet, Psychic, ---, 0, 0, 0, 0
203, Girafarig, Normal, Psychic, 1, 0, 0, 0
204, Pineco, Bug, ---, 0, 0, 0, 0
205, Forretress, Bug, Steel, 0, 0, 0, 0
206, Dunsparce, Normal, ---, 0, 0, 0, 0
207, Gligar, Ground, Flying, 0, 0, 0, 0
208, Steelix, Steel, Ground, 0, 0, 0, 0
208, Steelix-Mega, Steel, Ground, 0, 0, 1, 0
209, Snubbull, Fairy, ---, 0, 0, 0, 0
210, Granbull, Fairy, ---, 0, 0, 0, 0
211, Qwilfish, Water, Poison, 0, 0, 0, 0
212, Scizor, Bug, Steel, 0, 0, 0, 0
212, Scizor-Mega, Bug, Steel, 0, 0, 1, 0
213, Shuckle, Bug, Rock, 0, 0, 0, 0
214, Heracross, Bug, Fighting, 0, 0, 0, 0
214, Heracross-Mega, Bug, Fighting, 0, 0, 1, 0
215, Sneasel, Ice, Dark, 0, 0, 0, 0
216, Teddiursa, Normal, ---, 0, 0, 0, 0
217, Ursaring, Normal, ---, 0, 0, 0, 0
218, Slugma, Fire, Rock, 0, 0, 0, 0
219, Magcargo, Fire, Rock, 0, 0, 0, 0
220, Swinub, Ice, Ground, 1, 0, 0, 0
221, Piloswine, Ice, Ground, 1, 0, 0, 0
222, Corsola, Rock, Water, 0, 0, 0, 0
223, Remoraid, Water, ---, 0, 0, 0, 0
224, Octillery, Water, ---, 0, 0, 0, 0
225, Delibird, Ice, Flying, 0, 0, 0, 0
226, Mantine, Water, Flying, 1, 0, 0, 0
227, Skarmory, Steel, Flying, 0, 0, 0, 0
228, Houndour, Dark, Fire, 1, 0, 0, 0
229, Houndoom, Dark, Fire, 1, 0, 0, 0
229, Houndoom-Mega, Dark, Fire, 0, 0, 1, 0
230, Kingdra, Water, Dragon, 0, 0, 0, 0
231, Phanpy, Ground, ---, 0, 0, 0, 0
232, Donphan, Ground, ---, 0, 0, 0, 0
233, Porygon 2, Normal, ---, 0, 0, 0, 0
234, Stantler, Normal, ---, 1, 0, 0, 0
235, Smeargle, Normal, ---, 0, 0, 0, 0
236, Tyrogue, Fighting, ---, 0, 0, 0, 0
237, Hitmontop, Fighting, ---, 0, 0, 0, 0
238, Smoochum, Ice, Psychic, 0, 0, 0, 0
239, Elekid, Electric, ---, 0, 0, 0, 0
240, Magby, Fire, ---, 0, 0, 0, 0
241, Miltank, Normal, ---, 1, 0, 0, 0
242, Blissey, Normal, ---, 0, 0, 0, 0
243, Raikou, Electric, ---, 0, 0, 0, 0
244, Entei, Fire, ---, 0, 0, 0, 0
245, Suicune, Water, ---, 0, 0, 0, 0
246, Larvitar, Rock, Ground, 0, 0, 0, 0
247, Pupitar, Rock, Ground, 0, 0, 0, 0
248, Tyranitar, Rock, Dark, 0, 0, 0, 0
248, Tyranitar-Mega, Rock, Dark, 0, 0, 1, 0
249, Lugia, Psychic, Flying, 0, 0 ,0, 0
250, Ho-Oh, Fire, Flying, 0, 0, 0, 0
251, Celebi, Grass, Psychic, 0, 0, 0, 0
252, Treecko, Grass, ---, 0, 0, 0, 0
253, Grovyle, Grass, ---, 0, 0, 0, 0
254, Sceptile, Grass, ---, 0, 0, 0, 0
254, Sceptile-Mega, Grass, Dragon, 1, 0, 1, 0
255, Torchic, Fire, ---, 0, 0, 0, 0
256, Combusken, Fire, Fighting, 0, 0, 0, 0
257, Blaziken, Fire, Fighting, 0, 0, 0, 0
257, Blaziken-Mega, Fire, Fighting, 0, 0, 1, 0
258, Mudkip, Water, ---, 0, 0, 0, 0
259, Marshtomp, Water, Ground, 0, 0, 0, 0
260, Swampert, Water, Ground, 0, 0, 0, 0
260, Swampert-Mega, Water, Ground, 0, 0, 1, 0
261, Poochyena, Dark, ---, 0, 0, 0, 0
262, Mightyena, Dark, ---, 0, 0, 0, 0
263, Zigzagoon, Normal, ---, 0, 0, 0, 0
264, Linoone, Normal, ---, 0, 0, 0, 0
265, Wurmple, Bug, ---, 0, 0, 0, 0
266, Silcoon, Bug, ---, 0, 0, 0, 0
267, Beautifly, Bug, Flying, 0, 0, 0, 0
268, Cascoon, Bug, ---, 0, 0, 0, 0
269, Dustox, Bug, Poison, 0, 0, 0, 0
270, Lotad, Grass, Water, 0, 0, 0, 0
271, Lombre, Grass, Water, 0, 0, 0, 0
272, Ludicolo, Grass, Water, 0, 0, 0, 0
273, Seedot, Grass, ---, 0, 0, 0, 0
274, Nuzleaf, Grass, Dark, 0, 0, 0, 0
275, Shiftry, Grass, Dark, 0, 0, 0, 0
276, Taillow, Normal, Flying, 0, 0, 0, 0
277, Swellow, Normal, Flying, 0, 0, 0, 0
278, Wingull, Water, Flying, 0, 0, 0, 0
279, Pelliper, Water, Flying, 0, 0, 0, 0
280, Ralts, Psychic, Fairy, 0, 0, 0, 0
281, Kirlia, Psychic, Fairy, 0, 0, 0, 0
282, Gardevoir, Psychic, Fairy, 0, 0, 0, 0
282, Gardevoir-Mega, Psychic, Fairy, 0, 0, 1, 0
283, Surskit, Bug, Water, 0, 0, 0, 0
284, Masquerain, Bug, Flying, 0, 0, 0, 0
285, Shroomish, Grass, ---, 0, 0, 0, 0
286, Breloom, Grass, Fighting, 0, 0, 0, 0
287, Slakoth, Normal, ---, 0, 0, 0, 0
288, Vigoroth, Normal, ---, 0, 0, 0, 0
289, Slaking, Normal, ---, 0, 0, 0, 0
290, Nincada, Bug, Ground, 0, 0, 0, 0
291, Ninjask, Bug, Flying, 0, 0, 0, 0
292, Shedinja, Bug, Ghost, 0, 0, 0, 0
293, Whismur, Normal, ---, 0, 0, 0, 0
294, Loudred, Normal, ---, 0, 0, 0, 0
295, Exploud, Normal, ---, 0, 0, 0, 0
296, Makuhita, Fighting, ---, 1, 0, 0, 0
297, Hariyama, Fighting, ---, 1, 0, 0, 0
298, Azurill, Normal, Fairy, 1, 0, 0, 0
299, Nosepass, Rock, ---, 0, 0, 0, 0
300, Skitty, Normal, ---, 0, 0, 0, 0
301, Delcatty, Normal, ---, 0, 0, 0, 0
302, Sableye, Ghost, Dark, 0, 0, 0, 0
302, Sableye-Mega, Ghost, Dark, 0, 0, 1, 0
303, Mawile, Steel, Fairy, 0, 0, 0, 0
303, Mawile-Mega, Steel, Fairy, 0, 0, 1, 0
304, Aron, Rock, Steel, 0, 0, 0, 0
305, Lairon, Rock, Steel, 0, 0, 0, 0
306, Aggron, Rock, Steel, 0, 0, 0, 0
306, Aggron-Mega, Steel, ---, 0, 0, 1, 0
307, Meditite, Psychic, Fighting, 0, 0, 0, 0
308, Medicham, Psychic, Fighting, 0, 0, 0, 0
308, Medicham-Mega, Psychic, Fighting, 0, 0, 1, 0
309, Electrike, Electric, ---, 1, 0, 0, 0
310, Manectric, Electric, ---, 1, 0, 0, 0
310, Manectric-Mega, Electric, ---, 1, 0, 1, 0
311, Plusle, Electric, ---, 1, 0, 0, 0
312, Minun, Electric, ---, 1, 0, 0, 0
313, Volbeat, Bug, ---, 0, 0, 0, 0
314, Illumise, Bug, ---, 0, 0, 0, 0
315, Roselia, Grass, Poison, 0, 0, 0, 0
316, Gulpin, Poison, ---, 0, 0, 0, 0
317, Swalot, Poison, ---, 0, 0, 0, 0
318, Carvanha, Water, Dark, 0, 0, 0, 0
319, Sharpedo, Water, Dark, 0, 0, 0, 0
319, Sharpedo-Mega, Water, Dark, 0, 0, 1, 0
320, Wailmer, Water, ---, 0, 0, 0, 0
321, Wailord, Water, ---, 0, 0, 0, 0
322, Numel, Fire, Ground, 0, 0, 0, 0
323, Camerupt, Fire, Ground, 0, 0, 0, 0
323, Camerupt-Mega, Fire, Ground, 0, 0, 1, 0
324, Torkoal, Fire, ---, 0, 0, 0, 0
325, Spoik, Psychic, ---,1, 0, 0, 0
326, Grumpig, Psychic, ---, 1, 0, 0, 0
327, Spinda, Normal, ---, 0, 0, 0, 0
328, Trapinch, Ground, ---, 0, 0, 0, 0
329, Vibrava, Ground, Dragon, 1, 0, 0, 0
330, Flygon, Ground, Dragon, 1, 0, 0, 0
331, Cacnea, Grass, ---, 1, 0, 0, 0
332, Cacturne, Grass, Dark, 1, 0, 0, 0
333, Swablu, Normal, Flying, 0, 0, 0, 0
334, Altaria, Dragon, Flying, 0, 0, 0, 0
334, Altaria-Mega, Dragon, Fairy, 0, 0, 1, 0
335, Zangoose, Normal, ---, 0, 0, 0, 0
336, Seviper, Poison, ---, 0, 0, 0, 0
337, Lunatone, Rock, Psychic, 1, 0, 0, 0
338, Solrock, Rock, Psychic, 1, 0, 0, 0
339, Barboach, Water, Ground, 0, 0, 0, 0
340, Whiscash, Water, Ground, 0, 0, 0, 0
341, Corphish, Water, ---, 0, 0, 0, 0
342, Crawdaunt, Water, Dark, 0, 0, 0, 0
343, Baltoy, Ground, Psychic, 1, 0, 0, 0
344, Claydol, Ground, Psychic, 1, 0, 0, 0
345, Lileep, Rock, Grass, 1, 0, 0, 0
346, Cradily, Rock, Grass, 1, 0, 0, 0
347, Anorith, Rock, Bug, 0, 0, 0, 0
348, Armaldo, Rock, Bug, 0, 0, 0, 0
349, Feebas, Water, ---, 0, 0, 0, 0
350, Milotic, Water, ---, 0, 0, 0, 0
351, Castform, Normal, ---, 0, 0, 0, 0
351, Castform-Sun, Fire, ---, 0, 0, 0, 0
351, Castform-Rain, Water, ---, 0, 0, 0, 0
351, Castform-Hail, Ice, ---, 0, 0, 0, 0
352, Keckleon, Normal, ---, 0, 0, 0, 0
353, Shuppet, Ghost, ---, 0, 0, 0, 0
354, Banette, Ghost, ---, 0, 0, 0, 0
354, Banette-Mega, Ghost, ---, 0, 0, 1, 0
355, Duskull, Ghost, ---, 1, 0, 0, 0
356, Dusclops, Ghost, ---, 0, 0, 0, 0
357, Tropius, Grass, Flying, 0, 0, 0, 0
358, Chimecho, Psychic, ---, 1, 0, 0, 0
359, Absol, Dark, ---, 0, 0, 0, 0
359, Absol-Mega, Dark, ---, 0, 0, 1, 0
360, Wynaut, Psychic, ---, 0, 0, 0, 0
361, Snorunt, Ice, ---, 0, 0, 0, 0
362, Glalie, Ice, ---, 0, 0, 0, 0
362, Glalie-Mega, Ice, ---, 0, 0, 1, 0
363, Spheal, Ice, Water, 1, 0, 0, 0
364, Sealeo, Ice, Water, 1, 0, 0, 0
365, Walrein, Ice, Water, 1, 0, 0, 0
366, Clamperl, Water, ---, 0, 0, 0, 0
367, Huntail, Water, ---, 0, 0, 0, 0
368, Gorebyss, Water, ---, 0, 0, 0, 0
369, Relicanth, Water, Rock, 0, 0, 0, 0
370, Luvdisc, Water, ---, 0, 0, 0, 0
371, Bagon, Dragon, ---, 0, 0, 0, 0
372, Shelgon, Dragon, ---, 0, 0, 0, 0
373, Salamence, Dragon, Flying, 0, 0, 0, 0
373, Salamence-Mega, Dragon, Flying, 0, 0, 1, 0
374, Beldum, Steel, Psychic, 0, 0, 0, 0
375, Metang, Steel, Psychic, 0, 0, 0, 0
376, Metagross, Steel, Psychic, 0, 0, 0, 0
376, Metagross-Mega, Steel, Psychic, 0, 0, 1, 0
377, Regirock, Rock, ---, 0, 0, 0, 0
378, Regice, Ice, ---, 0, 0, 0, 0
379, Registeel, Steel, ---, 0, 0, 0, 0
380, Latias, Dragon, Psychic, 1, 0, 0, 0
380, Latias-Mega, Dragon, Psychic,1,  0, 1, 0
381, Latios, Dragon, Psychic, 1, 0, 0, 0
381, Latios-Mega, Dragon, Psychic, 1, 0, 1, 0
382, Kyogre, Water, ---, 0, 0, 0, 0
382, Kyogre-Primal, Water, ---, 1, 1, 0, 0
383, Groudon, Ground, ---, 0, 0, 0, 0
383, Groudon-Primal, Ground, Fire, 1, 1, 0, 0
384, Rayquaza, Dragon, Flying, 0, 0, 0, 0
384, Rayquaza-Mega, Dragon, Flying, 1, 0, 2, 0
385, Jirachi, Steel, Psychic, 0, 0, 0, 0
386, Deoxys, Psychic, ---, 0, 0, 0, 0
386, Deoxys-Attack, Psychic, ---, 0, 1, 0, 0
386, Deoxys-Defense, Psychic, ---, 0, 1, 0, 0
386, Deoxys-Speed, Psychic, ---, 0, 1, 0, 0
387, Turtwig, Grass, ---, 0, 0, 0, 0
388, Grotle, Grass, ---, 0, 0, 0, 0
389, Torterra, Grass, Ground, 0, 0, 0, 0
390, Chimchar, Fire, ---, 0, 0, 0, 0
391, Monferno, Fire, Fighting, 0, 0, 0, 0
392, Infernape, Fire, Fighting, 0, 0, 0, 0
393, Piplup, Water, ---, 0, 0, 0, 0
394, Prinplup, Water, ---, 0, 0, 0, 0
395, Empoleon, Water, Steel, 0, 0, 0, 0
396, Starly, Normal, Flying, 0, 0, 0, 0
397, Staravia, Normal, Flying, 0, 0, 0, 0
398, Staraptor, Normal, Flying, 0, 0, 0, 0
399, Bidoof, Normal, ---, 0, 0, 0, 0
400, Bibarel, Normal, Water, 0, 0, 0, 0
401, Kricketot, Bug, ---, 0, 0, 0, 0
402, Kricketune, Bug, ---, 0, 0, 0, 0
403, Shinx, Electric, ---, 0, 0, 0, 0
404, Luxio, Electric, ---, 0, 0, 0, 0
405, Luxray, Electric, ---, 0, 0, 0, 0
406, Budew, Grass, Poison, 0, 0, 0, 0
407, Roserade, Grass, Poison, 0, 0, 0, 0
408, Cranidos, Rock, ---, 0, 0, 0, 0
409, Rampardos, Rock, ---, 0, 0, 0, 0
410, Shieldon, Rock, Steel, 0, 0, 0, 0
411, Bastiodon, Rock, Steel, 0, 0, 0, 0
412, Burmy-Grass, Bug, ---, 0, 0, 0, 0
412, Burmy-Sand, Bug, ---, 0, 1, 0, 0
412, Burmy-Trash, Bug, ---, 0, 1, 0, 0
413, Wormadam-Grass, Bug, Grass, 0, 0, 0, 0
413, Wormadam-Sand, Bug, Ground, 0, 1, 0, 0
413, Wormadam-Trash, Bug, Steel, 0, 1, 0, 0
414, Mothim, Bug, Flying, 0, 0, 0, 0
415, Combee, Bug, Flying, 0, 0, 0, 0
416, Vespiquen, Bug, Flying, 0, 0, 0, 0
417, Pachirisu, Electric, ---, 1, 0, 0, 0
418, Buizel, Water, ---, 0, 0, 0, 0
419, Floatzel, Water, ---, 0, 0, 0, 0
420, Cherubi, Grass, ---, 0, 0, 0, 0
421, Cherrim-Overcast, Grass, ---, 0, 0, 0, 0
421, Cherrim-Sunshine, Grass, ---, 0, 1, 0, 0
422, Shellos-East,  Water, ---, 1, 0, 0, 0
422, Shellos-West, Water, ---, 1, 1, 0, 0
423, Gastrodon-East, Water, Ground, 1, 0, 0, 0
423, Gastrodon-West, Water, Ground, 1, 1, 0, 0
424, Ambipom, Normal, ---, 0, 0, 0, 0
425, Drifloon, Ghost, Flying, 0, 0, 0, 0
426, Drifblim, Ghost, Flying, 0, 0, 0, 0
427, Buneary, Normal, ---, 0, 0, 0, 0
428, Lopunny, Normal, ---, 0, 0, 0, 0
428, Lopunny-Mega, Normal, Fighting, 0, 0, 1, 0
429, Mismagius, Ghost, ---, 1, 0, 0, 0
430, Honchkrow, Dark, Flying, 0, 0, 0, 0
431, Glameow, Normal, ---, 0, 0, 0, 0
432, Purugly, Normal, ---, 1, 0, 0, 0
433, Chingling, Psychic, ---, 1, 0, 0, 0
434, Stunky, Poison, Dark, 0, 0, 0, 0
435, Skuntank, Poison, Dark, 0, 0, 0, 0
436, Bronzor, Steel, Psychic, 1, 0, 0, 0
437, Bronzong, Steel, Psychic, 1, 0, 0, 0
438, Bonsly, Rock, ---, 0, 0, 0, 0
439, Mime Jr., Psychic, Fairy, 0, 0, 0, 0
440, Happiny, Normal, ---, 0, 0, 0, 0
441, Chatot, Normal, Flying, 0, 0, 0, 0
442, Spiritomb, Ghost, Dark, 0, 0, 0, 0
443, Gible, Dragon, Ground, 0, 0, 0, 0
444, Gabite, Dragon, Ground, 0, 0, 0, 0
445, Garchomp, Dragon, Ground, 0, 0, 0, 0
445, Garchomp-Mega, Dragon, Ground, 0, 0, 1, 0
446, Munchilax, Normal, ---, 1, 0, 0, 0
447, Riolu, Fighting, ---, 0, 0, 0, 0
448, Lucario, Fighting, Steel, 0, 0, 0, 0
448, Lucario-Mega, Fighting, Steel, 0, 0, 1, 0
449, Hippopotas, Ground, ---, 0, 0, 0, 0
450, Hippowdon, Ground, ---, 0, 0, 0, 0
451, Skorupi, Posin, Bug, 0, 0, 0, 0
452, Drapion, Poison, Dark, 0, 0, 0, 0
453, Croagunk, Poison, Fighting, 1, 0, 0, 0
454, Toxicroak, Poison, Fighting, 1, 0, 0, 0
455, Carnivine, Grass, ---, 1, 0, 0, 0
456, Finneon, Water, ---, 1, 0, 0, 0
457, Lumineon, Water, ---, 1, 0, 0, 0
458, Mantyke, Water, Flying, 1, 0, 0, 0
459, Snover, Grass, Ice, 0, 0, 0, 0
460, Abomasnow, Grass, Ice, 0, 0, 0, 0
460, Abomasnow-Mega, Grass, Ice, 0, 0, 1, 0
461, Weavile, Ice, Dark, 0, 0, 0, 0
462, Magnezone, Electric, Steel, 0, 0, 0, 0
463, Lickylicky, Normal, ---, 0, 0, 0, 0
464, Rhyperior, Rock, Ground, 1, 0, 0, 0
465, Tangrowth, Grass, ---, 0, 0, 0, 0
466, Electivire, Electric, ---, 1, 0, 0, 0
467, Magmortar, Fire, ---, 0, 0, 0, 0
468, Togekiss, Fairy, Flying, 0, 0, 0, 0
469, Yanmega, Bug, Flying, 0, 0, 0, 0
470, Leafeon, Grass, ---, 0, 0, 0, 0
471, Glaceon, Ice, ---, 0, 0, 0, 0
472, Gliscor, Ground, Flying, 0, 0, 0, 0
473, Mamosqine, Ice, Ground, 1, 0, 0, 0
474, Porygon-Z, Normal, ---, 0, 0, 0, 0
475, Gallade, Psychic, Fighting, 0, 0, 0, 0
475, Gallade-Mega, Psychic, Fighting, 0, 0, 1, 0
476, Probopass, Rock, Steel, 0, 0, 0, 0
477, Dusknoir, Ghost, ---, 0, 0, 0, 0
478, Froslass, Ice, Ghost, 0, 0, 0, 0
479, Rotom, Electric, Ghost, 1, 0, 0, 0
479, Rotom-Fan, Electric, Flying, 1, 1, 0, 0
479, Rotom-Freeze, Electric, Ice, 1, 1, 0, 0
479, Rotom-Heat, Electric, Fire, 1, 1, 0, 0
479, Rotom-Mow, Electric, Grass, 1, 1, 0, 0
479, Rotom-Wash, Electric, Water, 1, 1, 0, 0
480, Uxie, Psychic, ---, 1, 0, 0, 0
481, Mesprit, Psychic, ---, 1, 0, 0, 0
482, Azelf, Psychic, ---, 1, 0, 0, 0
483, Dialga, Steel, Dragon, 0, 0, 0, 0
484, Palkia, Water, Dragon, 0, 0, 0, 0
485, Heatran, Fire, Steel, 1, 0, 0, 0
486, Regigias, Normal, ---, 0, 0, 0, 0
487, Giratina, Ghost, Dragon, 0, 0, 0, 0
487, Giratina-Origin, Ghost, Dragon, 1, 1, 0, 0
488, Cresselia, Psychic, ---, 1, 0, 0, 0
489, Phione, Water, ---, 0, 0, 0, 0
490, Manaphy, Water, ---, 0, 0, 0, 0
491, Darkrai, Dark, ---, 0, 0, 0, 0
492, Shaymin, Grass, ---, 0, 0, 0, 0
492, Shaymin-Sky, Grass, Flying, 0, 1, 0, 0
493, Arceus, Normal, ---, 0, 0, 0, 0
493, Arceus-Bug, Bug, ---, 0, 1, 0, 0
493, Arceus-Dark, Dark, ---, 0, 1, 0, 0
493, Arceus-Dragon, Dragon, ---, 0, 1, 0, 0
493, Arceus-Electric, Electric, ---, 0, 1, 0, 0
493, Arceus-Fairy, Fairy, ---, 0, 1, 0, 0
493, Arceus-Fighting, Fighting, ---, 0, 1, 0, 0
493, Arceus-Fire, Fire, ---, 0, 1, 0, 0
493, Arceus-Flying, Flying, ---, 0, 1, 0, 0
493, Arceus-Ghost, Ghost, ---, 0, 1, 0, 0
493, Arceus-Grass, Grass, ---, 0, 1, 0, 0
493, Arceus-Ground, Ground, ---, 0, 1, 0, 0
493, Arceus-Ice, Ice, ---, 0, 1, 0, 0
493, Arceus-Poison, Poison, ---, 0, 1, 0, 0
493, Arceus-Psychic, Psychic, ---, 0, 1, 0, 0
493, Arceus-Rock, Rock, ---, 0, 1, 0, 0
493, Arceus-Steel, Steel, ---, 0, 1, 0, 0
493, Arceus-Water, Water, ---, 0, 1, 0, 0
494, Victini, Psychic, Fire, 0, 0, 0, 0
495, Snivy, Grass, ---, 0, 0, 0, 0
496, Servine, Grass, ---, 0, 0, 0, 0
497, Serperior, Grass, ---, 0, 0, 0, 0
498, Tepig, Fire, ---, 1, 0, 0, 0
499, Pignite, Fire, Fighting, 1, 0, 0, 0
500, Emboar, Fire, Fighting, 0, 0, 0, 0
501, Oshawott, Water, ---, 0, 0, 0, 0
502, Dewott, Water, ---, 0, 0, 0, 0
503, Samurott, Water, ---, 0, 0, 0, 0
504, Patrat, Normal, ---, 0, 0, 0, 0
505, Watchog, Normal, ---, 0, 0, 0, 0
506, Lillipup, Normal, ---, 0, 0, 0, 0
507, Herdier, Normal, ---, 0, 0, 0, 0
508, Stoutland, Normal, ---, 0, 0, 0, 0
509, Purrloin, Dark, ---, 0, 0, 0, 0
510, Liepard, Dark, ---, 0, 0, 0, 0
511, Pansage, Grass, ---, 0, 0, 0, 0
512, Simisage, Grass, ---, 0, 0, 0, 0
513, Pansear, Fire, ---, 0, 0, 0, 0
514, Simisear, Fire, ---, 0, 0, 0, 0
515, Panpour, Water, ---, 0, 0, 0, 0
516, Simipour, Water, ---, 0, 0, 0, 0
517, Munna, Psychic, ---, 0, 0, 0, 0
518, Musharna, Psychic, ---, 0, 0, 0, 0
519, Pidove, Normal, Flying, 0, 0, 0, 0
520, Tranquill, Normal, Flying, 0, 0, 0, 0
521, Unfezant, Normal, Flying, 0, 0, 0, 0
522, Blitzle, Electric, ---, 1, 0, 0, 0
523, Zebstrika, Electric, ---, 1, 0, 0, 0
524, Roggenrola, Rock, ---, 0, 0, 0, 0
525, Boldore, Rock, ---, 0, 0, 0, 0
526, Gigalith, Rock, ---, 0, 0, 0, 0
527, Woobat, Psychic, Flying, 0, 0, 0, 0
528, Swoobat, Psychic, Flying, 0, 0, 0, 0
529, Drilbur, Ground, ---, 0, 0, 0, 0
530, Excadrill, Ground, Steel, 0, 0, 0, 0
531, Audino, Normal, ---, 0, 0, 0, 0
531, Audino-Mega, Normal, Fairy, 0, 0, 0, 0
532, Timburr, Fighting, ---, 0, 0, 0, 0
533, Gurdurr, Fighting, ---, 0, 0, 0, 0
534, Conkeldurr, Fighting, ---, 0, 0, 0, 0
535, Tympole, Water, ---, 1, 0, 0, 0
536, Palpitoad, Water, Ground, 1, 0, 0, 0
537, Seismitoad, Water, Ground, 1, 0, 0, 0
538, Throh, Fighting, ---, 0, 0, 0, 0
539, Sawk, Fighting, ---, 0, 0, 0, 0
540, Sewaddle, Bug, Grass, 0, 0, 0, 0
541, Swadloon, Bug, Grass, 0, 0, 0, 0
542, Leavanny, Bug, Grass, 0, 0, 0, 0
543, Venipede, Bug, Poison, 0, 0, 0, 0
544, Whirlipede, Bug, Poison, 0, 0, 0, 0
545, Scolipede, Bug, Poison, 0, 0, 0, 0
546, Cottonee, Grass, Fairy, 0, 0, 0, 0
547, Whimsicott, Grass, Fairy, 0, 0, 0, 0
548, Petilil, Grass, ---, 0, 0, 0, 0
549, Lilligant, Grass, ---, 0, 0, 0, 0
550, Basculin-Red, Water, ---, 0, 0, 0, 0
550, Basculin-Blue, Water, ---, 0, 1, 0, 0
551, Sandile, Ground, Dark, 0, 0, 0, 0
552, Krokorok, Ground, Dark, 0, 0, 0, 0
553, Krookodile, Ground, Dark, 0, 0, 0, 0
554, Darumaka, Fire, ---, 0, 0, 0, 0
555, Darmanitan, Fire, ---, 0, 0, 0, 0
555, Darmanitan-Zen, Fire, Psychic, 0, 1, 0, 0
556, Maractus, Grass, ---, 1, 0, 0, 0
557, Dwebble, Bug, Rock, 0, 0, 0, 0
558, Crustle, Bug, Rock, 0, 0, 0, 0
559, Scraggy, Dark, Fighting, 0, 0, 0, 0
560, Scrafty, Dark, Fighting, 0, 0, 0, 0
561, Sigilyph, Psychic, Flying, 0, 0, 0, 0
562, Yamask, Ghost, ---, 0, 0, 0, 0
563, Cofagrigus, Ghost, ---, 0, 0, 0, 0
564, Tirtouga, Water, Rock, 0, 0, 0, 0
565, Carracosta, Water, Rock, 0, 0, 0, 0
566, Archen, Rock, Flying, 0, 0, 0, 0
567, Archeops, Rock, Flying, 0, 0, 0, 0
568, Trubbish, Poison, ---, 0, 0, 0, 0
569, Garbodor, Poison, ---, 0, 0, 0, 0
570, Zorua, Dark, ---, 0, 0, 0, 0
571, Zoroark, Dark, ---, 0, 0, 0, 0
572, Minccino, Normal, ---, 0, 0, 0, 0
573, Cinccino, Normal, ---, 0, 0, 0, 0
574, Gothita, Psychic, ---, 0, 0, 0, 0
575, Gothorita, Psychic, ---, 0, 0, 0, 0
576, Gothitelle, Psychic, ---, 0, 0, 0, 0
577, Solosis, Psychic, ---, 0, 0, 0 ,0
578, Duosion, Psychic, ---, 0, 0, 0, 0
579, Reuniclus, Psychic, ---, 0, 0, 0, 0
580, Ducklett, Water, Flying, 0, 0, 0, 0
581, Swanna, Water, Flying, 0, 0, 0, 0
582, Vanillite, Ice, ---, 0, 0, 0, 0
583, Vanillish, Ice, ---, 0, 0, 0, 0
584, Vanilluxe, Ice, ---, 0, 0, 0, 0
585, Deerling, Normal, Grass, 1, 0, 0, 0
586, Sawsbuck, Normal, Grass, 1, 0, 0, 0
587, Emolga, Electric, Flying, 1, 0, 0, 0
588, Karrablast, Bug, ---, 0, 0, 0, 0
589, Escavalier, Bug, Steel, 0, 0, 0, 0
590, Foongus, Grass, Poison, 0, 0, 0, 0
591, Amoonguss, Grass, Poison, 0, 0, 0, 0
592, Frillish, Water, Ghost, 1, 0, 0, 0
593, Jellicent, Water, Ghost, 1, 0, 0, 0
594, Alomomola, Water, ---, 0, 0, 0, 0
595, Joltik, Bug, Electric, 0, 0, 0, 0
596, Galvantula, Bug, Electric, 0, 0, 0, 0
597, Ferroseed, Grass, Steel, 0, 0, 0, 0
598, Ferrorthorn, Grass, Steel, 0, 0, 0, 0
599, Klink, Steel, ---, 0, 0, 0, 0
600, Klang, Steel, ---, 0, 0, 0, 0
601, Klinklang, Steel, ---, 0, 0, 0, 0
602, Tynamo, Electric, ---, 1, 0, 0, 0
603, Eelektrik, Electric, ---, 1, 0, 0, 0
604, Eellektross, Electric, ---, 1, 0, 0, 0
605, Elgyem, Psychic, ---, 0, 0, 0, 0
606, Beheeyem, Psychic, ---, 0, 0, 0, 0
607, Litwick, Ghost, Fire, 1, 0, 0, 0
608, Lampent, Ghost, Fire, 1, 0, 0, 0
609, Chandelure, Ghost, Fire, 1, 0, 0, 0
610, Axew, Dragon, ---, 0, 0, 0, 0
611, Fraxure, Dragon, ---, 0, 0, 0, 0
612, Haxorus, Dragon, ---, 0, 0, 0, 0
613, Cubchoo, Ice, ---, 0, 0, 0, 0
614, Beartic, Ice, ---, 0, 0, 0, 0
615, Cryogonal, Ice, ---, 1, 0, 0, 0
616, Shelmet, Bug, ---, 0, 0, 0, 0
617, Accelgor, Bug, ---, 0, 0, 0, 0
618, Stunfisk, Ground, Electric, 0, 0, 0, 0
619, Mienfoo, Fighting, ---, 0, 0, 0, 0
620, Mienshao, Fighting, ---, 0, 0, 0, 0
621, Druddigon, Dragon, ---, 0, 0, 0, 0
622, Golett, Ground, Ghost, 0, 0, 0, 0
623, Golurk, Ground, Ghost, 0, 0, 0, 0
624, Pawniard, Steel, Dark, 0, 0, 0, 0
625, Bisharp, Steel, Dark, 0, 0, 0, 0
626, Bouffalant, Normal, ---, 1, 0, 0, 0
627, Rufflet, Normal, Flying, 0, 0, 0, 0
628, Braviary, Normal, Flying, 0, 0, 0, 0
629, Vullaby, Dark, Flying, 0, 0, 0, 0
630, Mandibuzz, Dark, Flying, 0, 0, 0, 0
631, Heatmor, Fire, ---, 1, 0, 0, 0
632, Durant, Bug, Steel, 0, 0, 0, 0
633, Deino, Dragon, Dark, 1, 0, 0, 0
634, Zweilous, Dragon, Dark, 1, 0, 0, 0
635, Hydreigon, Dragon, Dark, 1, 0, 0, 0
636, Larvesta, Bug, Fire, 0, 0, 0, 0
637, Volcarona, Bug, Fire, 0, 0, 0, 0
638, Cobalion, Steel, Fighting, 0, 0, 0, 0
639, Terrakion, Rock, Fighting, 0, 0, 0, 0
640, Virizion, Grass, Fighting, 0, 0, 0, 0
641, Tornadus-Incarnate, Flying, ---, 0, 0, 0, 0
641, Tornadus-Therian, Flying, ---, 0, 1, 0, 0
642, Thundurus-Incarnate, Electric, Flying, 1, 0, 0, 0
642, Thundurus-Therian, Electric, Flying, 1, 1, 0, 0
643, Reshiram, Dragon, Fire, 0, 0, 0, 0
644, Zekrom, Dragon, Electric, 0, 0, 0, 0
645, Landorus-Incarnate, Ground, Flying, 0, 0, 0, 0
645, Landorus-Therian, Ground, Flying, 0, 1, 0, 0
646, Kyurem, Dragon, Ice, 0, 0, 0, 0
646, Kyurem-Black, Dragon, Ice, 0, 1, 0, 0
646, Kyurem-White, Dragon, Ice, 0, 1, 0, 0
647, Keldeo, Water, Fighting, 0, 0, 0, 0
648, Meloetta-Aria, Normal, Psychic, 0, 0, 0, 0
648, Meloetta-Pirouette, Normal, Fighting, 0, 1 ,0, 0
649, Genesect, Bug, Steel, 0, 0, 0, 0
650, Chespin, Grass, ---, 0, 0, 0, 0
651, Quilladin, Grass, ---, 0, 0, 0, 0
652, Chesnaught, Grass, Fighting, 0, 0, 0, 0
653, Fennekin, Fire, ---, 0, 0, 0, 0
654, Braixen, Fire, ---, 0, 0, 0, 0
655, Delphox, Fire, Psychic, 0, 0, 0, 0
656, Froakie, Water, ---, 0, 0, 0, 0
657, Frogadier, Water, ---, 0, 0, 0, 0
658, Greninja, Water, Dark, 0, 0, 0, 0
658, Greninja-Ash, Water, Dark, 0, 1, 0, 0
659, Bunnelby, Normal, ---, 0, 0, 0, 0
660, Diggersby, Normal, Ground, 0, 0, 0, 0
661, Fletchling, Normal, Flying, 0, 0, 0, 0
662, Fletchinder, Fire, Flying, 0, 0, 0, 0
663, Talonflame, Fire, Flying, 0, 0, 0, 0
664, Scatterbug, Bug, ---, 0, 0, 0, 0
665, Spewpa, Bug, ---, 0, 0, 0, 0
666, Vivillon, Bug, Flying, 0, 0, 0, 0
667, Litleo, Fire, Normal, 0, 0, 0, 0
668, Pyroar, Fire, Normal, 0, 0, 0, 0
669, Flabebe, Fairy, ---, 0, 0, 0, 0
670, Floette, Fairy, ---, 0, 0, 0, 0
670, Floette-Eternal, Fairy, ---, 0, 1, 0, 0
671, Florges, Fairy, ---, 0, 0, 0, 0
672, Skiddo, Grass, ---, 1, 0, 0, 0
673, Gogoat, Grass, ---, 1, 0, 0, 0
674, Pancham, Fighting, ---, 0, 0, 0, 0
675, Pangoro, Fighting, Dark, 0, 0, 0, 0
676, Furfrou, Normal, ---, 0, 0, 0, 0
677, Espurr, Psychic, ---, 0, 0, 0 ,0
678, Meowstic-Male, Psychic, ---, 0, 0, 0, 0
678, Meowstic-Female, Psychic, ---, 0, 0, 0, 0
679, Honedge, Steel, Ghost, 0, 0, 0, 0
680, Doublade, Steel, Ghost, 0, 0, 0, 0
681, Aegislash, Steel, Ghost, 0, 0, 0, 0
681, Aegislash-Blade, Steel, Ghost, 0, 1, 0, 0
682, Spritzee, Fairy, ---, 0, 0, 0, 0
683, Aromatisse, Fairy, ---, 0, 0, 0, 0
684, Swirlix, Fairy, ---, 0, 0, 0, 0
685, Slurpuff, Fairy, ---, 0, 0, 0 ,0
686, Inkay, Dark, Psychic, 0, 0, 0, 0
687, Malamar, Dark, Psychic, 0, 0, 0, 0
688, Binacle, Rock, Water, 0, 0, 0, 0
689, Barbaracle, Rock, Water, 0, 0, 0, 0
690, Skrelp, Poison, Water, 0, 0, 0, 0
691, Dragalge, Poison, Dragon, 0, 0, 0, 0
692, Clauncher, Water, ---, 0, 0, 0, 0
693, Clawitzer, Water, ---, 0, 0, 0, 0
694, Helioptile, Electric, Normal, 1, 0, 0, 0
695, Heliolisk, Electric, Normal, 1, 0, 0, 0
696, Tyrunt, Rock, Dragon, 0, 0, 0, 0
697, Tyrantrum, Rock, Dragon, 0, 0, 0, 0
698, Amaura, Rock, Ice, 0, 0, 0, 0
699, Aurorus, Rock, Ice, 0, 0, 0, 0
700, Sylveon, Fairy, ---, 0, 0, 0, 0
701, Hawlucha, Fighting, Flying, 0, 0, 0, 0
702, Dedenne, Electric, Fairy, 0, 0, 0, 0
703, Carbink, Rock, Fairy, 0, 0, 0, 0
704, Goomy, Dragon, ---, 0, 0, 0, 0
705, Sliggoo, Dragon, ---, 0, 0, 0, 0
706, Goodra, Dragon, ---, 0, 0, 0, 0
707, Klefki, Steel, Fairy, 0, 0, 0, 0
708, Phantump, Ghost, Grass, 0, 0, 0, 0
709, Trevenant, Ghost, Grass, 0, 0, 0, 0
710, Pumpkaboo, Ghost, Grass, 0, 0, 0, 0
710, Pumpkaboo-Small, Ghost, Grass, 0, 1, 0, 0
710, Pumpkaboo-Large, Ghost, Grass, 0, 1, 0, 0
710, Pumpkaboo-Extra Large, Ghost, Grass, 0, 1, 0, 0
711, Gourgeist, Ghost, Grass, 0, 0, 0, 0
711, Gourgeist-Small, Ghost, Grass, 0, 1, 0, 0
711, Gourgeist-Large, Ghost, Grass, 0, 1, 0, 0
711, Gourgeist-Extra Large, Ghost, Grass, 0, 1, 0, 0
712, Bergmite, Ice, ---, 0, 0, 0, 0
713, Avalugg, Ice, ---, 0, 0, 0, 0
714, Noibat, Flying, Dragon, 0, 0, 0, 0
715, Noivern, Flying, Dragon, 0, 0, 0, 0
716, Xerneas, Fairy, ---, 0, 0, 0, 0
717, Yveltal, Dark, Flying, 0, 0, 0, 0
718, Zygarde-50%, Dragon, Ground, 0, 0, 0, 0
718, Zygarde-10%, Dragon, Ground, 0, 1, 0, 0
718, Zygarde-Complete, Dragon, Ground, 0, 1, 0, 0
719, Diancie, Rock, Fairy, 0, 0, 0, 0
719, Diancie-Mega, Rock, Fairy, 0, 0, 1, 0
720, Hoopa-Confined, Psychic, Ghost, 0, 0, 0, 0
720, Hoopa-Unbound, Psychic, Dark, 0, 1, 0, 0
721, Volcanion, Fire, Water, 1, 0, 0, 0
722, Rowlet, Grass, Flying, 0, 0, 0, 0
723, Datrix, Grass, Flying, 0, 0, 0, 0
724, Decidueye, Grass, Ghost, 0, 0, 0, 0
725, Litten, Fire, ---, 0, 0, 0, 0
726, Torracat, Fire, ---, 0, 0, 0, 0
727, Incineroar, Fire, Dark, 0, 0, 0, 0
728, Popplio, Water, ---, 0, 0, 0, 0
729, Brionne, Water, ---, 0, 0, 0, 0
730, Primarina, Water, Fairy, 0, 0, 0, 0
731, Pikipek, Normal, Flying, 0, 0, 0, 0
732, Trumbeak, Normal, Flying, 0, 0, 0, 0
733, Toucannon, Normal, Flying, 0, 0, 0, 0
734, Yungoos, Normal, ---, 0, 0, 0, 0
735, Gumshoos, Normal, ---, 0, 0, 0, 0
736, Grubbin, Bug, ---, 0, 0, 0, 0
737, Charjabug, Bug, Electric, 0, 0, 0, 0
738, Vikavolt, Bug, Electric, 1, 0, 0, 0
739, Crabrawler, Fighting, ---, 0, 0, 0, 0
740, Crabominable, Fighting, Ice, 0, 0, 0, 0
741, Oricorio-Baile, Fire, Flying, 0, 0, 0, 0
741, Oricorio-Pom-Pom, Electric, Flying, 0, 1, 0, 0
741, Oricorio-Pa'u, Psychic, Flying, 0, 1, 0, 0
741, Oricorio-Sensu, Ghost, Flying, 0, 1, 0, 0
742, Cutiefly, Bug, Fairy, 0, 0, 0, 0
743, Ribombee, Bug, Fairy, 0, 0, 0, 0
744, Rockruff, Rock, ---, 0, 0, 0, 0
745, Lycanroc-Miday, Rock, ---, 0, 0, 0, 0
745, Lycanroc-Midnoght, Rock, ---, 0, 1, 0, 0
745, Lycanroc-Dusk, Rock, ---, 0, 1, 0, 0
746, Wishiwashi, Water, ---, 0, 0, 0, 0
746, Wishiwashi-School, Water, ---, 0, 1, 0, 0
747, Mareanie, Poison, Water, 0, 0, 0, 0
748, Toxapex, Poison, Water, 0, 0, 0, 0
749, Mudbray, Ground, ---, 0, 0, 0, 0
750, Mudsdale, Ground, ---, 0, 0, 0, 0
751, Dewpider, Water, Bug, 1, 0, 0, 0
752, Araquanid, Water, Bug, 1, 0, 0, 0
753, Fomantis, Grass, ---, 0, 0, 0, 0
754, Lurantis, Grass, ---, 0, 0, 0, 0
755, Morelull, Grass, Fairy, 0, 0, 0, 0
756, Shiinotic, Grass, Fairy, 0, 0, 0, 0
757, Salandit, Poison, Fire, 0, 0, 0, 0
758, Salazzle, Poison, Fire, 0, 0, 0, 0
759, Stufful, Normal, Fighting, 1, 0, 0, 0
760, Bewear, Normal, Fighting, 1, 0, 0, 0
761, Bounsweet, Grass, ---, 0, 0, 0, 0
762, Steenee, Grass, ---, 0, 0, 0, 0
763, Tsareena, Grass, ---, 0, 0, 0, 0
764, Comfey, Fairy, ---, 0, 0, 0, 0
765, Oranguru, Normal, Psychic, 0, 0, 0, 0
766, Passimian, Fighting, ---, 0, 0, 0, 0
767, Wimpod, Bug, Water, 0, 0, 0, 0
768, Golisopod, Bug, Water, 0, 0, 0, 0
769, Sandygast, Ground, Ghost, 0, 0, 0, 0
770, Palossand, Ground, Ghost, 0, 0, 0, 0
771, Pyukumuku, Water, ---, 0, 0, 0, 0
772, Type: Null, Normal, ---, 0, 0, 0, 0
773, Silvally, Normal, ---, 0, 0, 0, 0
773, Silvally-Bug, Bug, ---, 0, 1, 0, 0
773, Silvally-Dark, Dark, ---, 0, 1, 0, 0
773, Silvally-Dragon, Dragon, ---, 0, 1, 0, 0
773, Silvally-Electric, Electric, ---, 0, 1, 0, 0
773, Silvally-Fairy, Fairy, ---, 0, 1, 0, 0
773, Silvally-Fighting, Fighting, ---, 0, 1, 0, 0
773, Silvally-Fire, Fire, ---, 0, 1, 0, 0
773, Silvally-Flying, Flying, ---, 0, 1, 0, 0
773, Silvally-Ghost, Ghost, ---, 0, 1, 0, 0
773, Silvally-Grass, Grass, ---, 0, 1, 0, 0
773, Silvally-Ground, Ground, ---, 0, 1, 0, 0
773, Silvally-Ice, Ice, ---, 0, 1, 0, 0
773, Silvally-Poison, Poison, ---, 0, 1, 0, 0
773, Silvally-Psychic, Psychic, ---, 0, 1, 0, 0
773, Silvally-Rock, Rock, ---, 0, 1, 0, 0
773, Silvally-Steel, Steel, ---, 0, 1, 0, 0
773, Silvally-Water, Water, ---, 0, 1, 0, 0
774, Minior, Rock, Flying, 0, 0, 0, 0
774, Minior-Core, Rock, Flying, 0, 1, 0, 0
775, Komala, Normal, ---, 0, 0, 0, 0
776, Turtonator, Fire, Dragon, 0, 0, 0, 0
777, Togedemaru, Electric, Steel, 1, 0, 0, 0
778, Mimikyu, Ghost, Fairy, 0, 0, 0, 0
779, Bruxish, Water, Psychic, 0, 0, 0, 0
780, Drampa, Normal, Dragon, 1, 0, 0, 0
781, Dhelmise, Ghost, Grass, 0, 0, 0, 0
782, Jangmo-o, Dragon, ---, 0, 0, 0, 0
783, Hakkamo-o, Dragon, Fighting, 0, 0, 0, 0
784, Kommo-o, Dragon, Fighting, 0, 0, 0, 0
785, Tapu Koko, Electric, Fairy, 0, 0, 0, 0
786, Tapu Lele, Psychic, Fairy, 0, 0, 0, 0
787, Tapu Bulu, Grass, Fairy, 0, 0, 0, 0
788, Tapu Fini, Water, Fairy, 0, 0, 0, 0
789, Cosmog, Psychic, ---, 0, 0, 0, 0
790, Cosmoem, Psychic, ---, 0, 0, 0, 0
791, Solgaleo, Psychic, Steel, 0, 0, 0, 0
792, Lunala, Psychic, Ghost, 0, 0, 0, 0
793, Nihilego, Rock, Poison, 0, 0, 0, 0
794, Buzzwole, Bug, Fighting, 0, 0, 0, 0
795, Pheromosa, Bug, Fighting, 0, 0, 0, 0
796, Xurkitree, Electric, ---, 0, 0, 0, 0
797, Celesteela, Steel, Flying, 0, 0, 0, 0
798, Kartana, Grass, Steel, 0, 0, 0, 0
799, Guzzlord, Dark, Dragon, 0, 0, 0, 0
800, Necrozma, Psychic, ---, 0, 0, 0, 0
800, Necrozma-Dusk Mane, Psychic, Steel, 0, 1, 0, 0
800, Necrozma-Dawn Wing, Psychic, Ghost, 0, 1, 0, 0
800, Necrozma-Ultra, Psychic, Dragon, 0, 1, 0, 0
801, Magearna, Steel, Fairy, 0, 0, 0, 0
802, Marshadow, Fighting, Ghost, 0, 0, 0, 0
803, Poipole, Poison, ---, 0, 0, 0, 0
804, Naganadel, Poison, Dragon, 0, 0, 0, 0
805, Stakataka, Rock, Steel, 0, 0, 0, 0
806, Blacephalon, Fire, Ghost, 0, 0, 0, 0
807, Zeraora, Electric, ---, 1, 0, 0, 0